2006-07-05,0.00018735056562024788
2006-07-06,0.0316325286696737
2006-07-07,0.001704277987530034
2006-07-10,0.005573117070943656
2006-07-11,0.00911306205561302
2006-07-12,-0.003021596332876464
2006-07-13,-0.07317322887644062
2006-07-14,0.009356978763708668
2006-07-17,0.013817193513671278
2006-07-18,0.006273183340680166
2006-07-19,-0.02292681715463507
2006-07-20,0.005369828921845787
2006-07-21,0.005551477056928489
2006-07-24,0.0027795208443950337
2006-07-25,0.017313824986461945
2006-07-26,0.0022692211011932084
2006-07-27,-0.011317466390360575
2006-07-28,-0.011203294735585567
2006-07-31,-0.04604427864600624
2006-08-01,-0.010782410244133511
2006-08-02,-0.005201564627228317
2006-08-03,0.0015732369672107893
2006-08-04,-0.03871488247076749
2006-08-07,-0.024940059706543005
2006-08-08,0.031853176070904876
2006-08-09,0.0010853078523849202
2006-08-10,0.018074379580758304
2006-08-11,0.0033151438244862774
2006-08-14,-0.032669718408146364
2006-08-15,0.01793341796361636
2006-08-16,0.017511995684080794
2006-08-17,-0.006785759407898162
2006-08-18,-0.0047837890436009944
2006-08-21,0.010592403315369703
2006-08-22,0.01148562972059386
2006-08-23,-0.005141638185133135
2006-08-24,0.010974526336822166
2006-08-25,0.00047072624665411844
2006-08-28,0.02271274143904356
2006-08-29,0.004031458251767761
2006-08-30,0.002887850650955981
2006-08-31,0.0038355983543747474
2006-09-01,-0.016152960999465837
2006-09-04,0.022220180075564144
2006-09-05,0.002374151577932304
2006-09-06,0.005070322054626875
2006-09-07,-0.014893908281998658
2006-09-08,0.0016613706616763757
2006-09-11,0.0016473110191028706
2006-09-12,0.004154081649403452
2006-09-13,-0.014722815664422018
2006-09-14,-0.005231541059560696
2006-09-15,0.011997314703043216
2006-09-18,0.014072828069843002
2006-09-19,0.005084974742729287
2006-09-20,-0.0017110083630207384
2006-09-21,0.0072374268816399745
2006-09-22,-0.008421689544300115
2006-09-25,0.002071862405630842
2006-09-26,-0.003558582069925431
2006-09-27,0.007777049127074331
2006-09-28,0.013755881455246532
2006-09-29,0.012628242389916444
2006-10-09,0.02563624517222962
2006-10-10,0.008385714149038881
2006-10-11,0.0035730719785198595
2006-10-12,-0.012745790400667034
2006-10-13,0.0041119279426284905
2006-10-16,-0.00790026063993643
2006-10-17,0.001225620957253204
2006-10-18,0.01134639830101647
2006-10-19,0.010473883168689024
2006-10-20,-0.0028644842472156373
2006-10-23,-0.03310262435389866
2006-10-24,0.026551501025109392
2006-10-25,-0.003838706002961656
2006-10-26,-0.009161111301689728
2006-10-27,-0.01616045823227419
2006-10-30,-0.0018357448256043352
2006-10-31,0.011197289304111235
2006-11-01,0.002366900580490938
2006-11-02,-0.0016956226848229283
2006-11-03,0.005383914840655368
2006-11-06,-0.007400661901030725
2006-11-07,-0.010765775289049428
2006-11-08,-0.003738099696383501
2006-11-09,0.007926402053090698
2006-11-10,-0.02591871941141033
2006-11-13,-0.036411617961153775
2006-11-14,0.0149354796432708
2006-11-15,0.016602426208877086
2006-11-16,-0.012851311694713874
2006-11-17,0.0069167790868789325
2006-11-20,-0.00872020495220005
2006-11-21,0.015324518001039511
2006-11-22,0.01397468272794522
2006-11-23,0.004215719206466906
2006-11-24,0.008608814063866932
2006-11-27,0.020675546397821876
2006-11-28,0.002110075780079157
2006-11-29,0.014132201120062193
2006-11-30,0.017048281550624544
2006-12-01,0.004637289724580773
2006-12-04,0.02144729180148164
2006-12-05,0.0016332079575838154
2006-12-06,-0.012281568508223373
2006-12-07,-0.00968505257063379
2006-12-08,-0.0350932047618564
2006-12-11,0.03107075165544826
2006-12-12,0.006981998735448469
2006-12-13,0.005039755713123428
2006-12-14,0.01820851176033389
2006-12-15,0.016439194200670082
2006-12-18,0.0167485585693552
2006-12-19,0.004186485901277459
2006-12-20,0.022486690831693634
2006-12-21,-0.01581874303789943
2006-12-22,-0.008771331087508383
2006-12-25,0.011661749131622878
2006-12-26,-0.005914870665515548
2006-12-27,0.008568439609661915
2006-12-28,-0.019620935758450586
2006-12-29,0.011966799407094442
2007-01-04,-3.984495116815534e-05
2007-01-05,0.03177155113047214
2007-01-08,0.04152271794221685
2007-01-09,0.017919254533216744
2007-01-10,0.02475540368785123
2007-01-11,0.0028314076052349257
2007-01-12,-0.02664211077890455
2007-01-15,0.05882692895358099
2007-01-16,0.029924042190641487
2007-01-17,0.005326412457576257
2007-01-18,0.03438156226260314
2007-01-19,0.03532264189932599
2007-01-22,0.04345184592800777
2007-01-23,-0.004820153787397641
2007-01-24,0.006735056188238664
2007-01-25,-0.04986216229116336
2007-01-26,0.005209531936385847
2007-01-29,0.029716162764233944
2007-01-30,-0.001948522539834574
2007-01-31,-0.049234643251888865
2007-02-01,0.007145177454470186
2007-02-02,-0.019232247314691087
2007-02-05,0.01279210279023446
2007-02-06,0.017577869970879734
2007-02-07,0.021645230323011688
2007-02-08,0.017362133324118068
2007-02-09,-0.0019687829668265655
2007-02-12,0.024757818180866087
2007-02-13,0.014324510061901607
2007-02-14,0.019389397381584628
2007-02-15,0.02481887717126563
2007-02-16,0.011406122201735869
2007-02-26,0.029077497284022424
2007-02-27,-0.0887871736932383
2007-02-28,0.03445426963735754
2007-03-01,-0.0281854372987983
2007-03-02,0.01637458102642353
2007-03-05,0.0033463038891765606
2007-03-06,0.007491054624443105
2007-03-07,0.027989032788418466
2007-03-08,0.02114328399660992
2007-03-09,-0.0004337581036564231
2007-03-12,0.015494229686620287
2007-03-13,0.00885256239237453
2007-03-14,-0.007046236130763495
2007-03-15,0.019259570121322067
2007-03-16,-0.01049808498460525
2007-03-19,0.01508827883422792
2007-03-20,0.011892106164074878
2007-03-21,0.014452269449242383
2007-03-22,0.0031293539433701056
2007-03-23,0.010179547399474576
2007-03-26,0.025144244744316424
2007-03-27,0.017802529474631346
2007-03-28,-0.012304239533458938
2007-03-29,-0.03582830399773085
2007-03-30,0.006719804055198786
2007-04-02,0.021570342118905517
2007-04-03,0.016020107902522174
2007-04-04,0.01680658249124911
2007-04-05,0.01200639493327671
2007-04-06,0.013144281581387363
2007-04-09,0.01562721132116418
2007-04-10,0.009876399747501319
2007-04-11,0.012612630182938789
2007-04-12,0.02600167178023427
2007-04-13,-0.004577091826702295
2007-04-16,0.026643081153150616
2007-04-17,0.01901737151380334
2007-04-18,0.020638125281658315
2007-04-19,-0.0513657742242567
2007-04-20,0.04627633801466424
2007-04-23,0.04049627071835493
2007-04-24,0.008430825035689704
2007-04-25,-0.00023700138554649808
2007-04-26,0.006891632461535346
2007-04-27,-0.007326283478946483
2007-04-30,0.012800533574777173
2007-05-08,0.04280879375544333
2007-05-09,-0.006915620987814841
2007-05-10,0.005906773939484911
2007-05-11,-0.0038919378013808625
2007-05-14,0.007651591581917083
2007-05-15,-0.033251814736970475
2007-05-16,0.03250780473269543
2007-05-17,0.02528137805305386
2007-05-18,0.0013486612237387785
2007-05-21,0.02143809400937524
2007-05-22,0.01637561646824226
2007-05-23,0.027150210755318538
2007-05-24,-0.005527314856400123
2007-05-25,0.015026162510981544
2007-05-28,0.024884980424788816
2007-05-29,0.023801263120888816
2007-05-30,-0.0825967789838492
2007-05-31,-0.02787206522460961
2007-06-01,-0.05602854194135354
2007-06-04,-0.08335875753371824
2007-06-05,0.01995799638636142
2007-06-06,0.024046705441272076
2007-06-07,0.046918127225947126
2007-06-08,0.014831287185899322
2007-06-11,0.025260448351534626
2007-06-12,0.028763219036121557
2007-06-13,0.027575024316363272
2007-06-14,-0.010672034198247249
2007-06-15,0.0052271428420638255
2007-06-18,0.03339961103414968
2007-06-19,0.014471153497216616
2007-06-20,-0.03031482416185738
2007-06-21,-0.00508936265656168
2007-06-22,-0.04653023631086317
2007-06-25,-0.05991562789474947
2007-06-26,0.021093780701954
2007-06-27,0.02687504025908405
2007-06-28,-0.058244977265778264
2007-06-29,-0.03554453330205398
2007-07-02,0.02065551753464656
2007-07-03,0.016003942469899668
2007-07-04,-0.022953402904077325
2007-07-05,-0.056569420514335333
2007-07-06,0.05600575103071881
2007-07-09,0.027931518508987896
2007-07-10,-0.02804201928325767
2007-07-11,0.009821601234548227
2007-07-12,0.006037212773897904
2007-07-13,-0.003308913930082591
2007-07-16,-0.026341836897457505
2007-07-17,0.016950292829414515
2007-07-18,-0.00043473666213322826
2007-07-19,0.002849795043393888
2007-07-20,0.03058670260749574
2007-07-23,0.047710490270030714
2007-07-24,-0.0005254856574961053
2007-07-25,0.02634925047155745
2007-07-26,0.014692773051500518
2007-07-27,0.014915851915233036
2007-07-30,0.02411018233856077
2007-07-31,0.012622387486421749
2007-08-01,-0.05038804062489344
2007-08-02,0.03430422712100922
2007-08-03,0.011910615242238354
2007-08-06,0.02274949132500459
2007-08-07,-0.0006076670113083216
2007-08-08,-0.01832704018532816
2007-08-09,0.005456790509158704
2007-08-10,-0.023854859094321723
2007-08-13,-0.0023255607366285957
2007-08-14,0.025259040205443783
2007-08-15,-0.005331977572041291
2007-08-16,0.010807339983556208
2007-08-17,-0.009812174755541414
2007-08-20,0.041405207282285916
2007-08-21,0.012241290911191305
2007-08-22,0.010235803451609904
2007-08-23,0.008731020670344147
2007-08-24,0.005444464332177823
2007-08-27,-0.005656942289765987
2007-08-28,-0.005012589855013627
2007-08-29,-0.012542394442896843
2007-08-30,0.029834916424825497
2007-08-31,0.010229830002328022
2007-09-03,0.02000614514189447
2007-09-04,-0.00787808988618155
2007-09-05,0.002348494614297758
2007-09-06,0.008703148318124576
2007-09-07,-0.026155668749658245
2007-09-10,0.01890219406341198
2007-09-11,-0.05677253936635529
2007-09-12,0.011369384501499047
2007-09-13,0.013806594181990484
2007-09-14,0.015180188230692115
2007-09-17,0.020587757558726327
2007-09-18,0.0030681785265258554
2007-09-19,-0.014231323577987065
2007-09-20,0.011835458912455632
2007-09-21,-0.010876598186550512
2007-09-24,0.00223969248134237
2007-09-25,-0.008081299308329792
2007-09-26,-0.015514531495686601
2007-09-27,0.013671577031616255
2007-09-28,0.017570304256461
2007-10-08,-0.0032281404979005446
2007-10-09,0.013682239203048896
2007-10-10,-0.00434560698082842
2007-10-11,-0.012973580372047766
2007-10-12,-0.02014283548918594
2007-10-15,0.003985485773560171
2007-10-16,0.014506301505091024
2007-10-17,-0.00012656201357874597
2007-10-18,-0.026550811052859613
2007-10-19,-0.00258811251517721
2007-10-22,-0.020353977506296528
2007-10-23,8.952418414609475e-05
2007-10-24,-0.021921784295752977
2007-10-25,-0.0732759580268596
2007-10-26,-0.006543272345408635
2007-10-29,0.01089399208791364
2007-10-30,0.01912585941640943
2007-10-31,0.03341520943230525
2007-11-01,-0.03792196199620157
2007-11-02,-0.023463645701048308
2007-11-05,0.0179637708492979
2007-11-06,0.006097246080328356
2007-11-07,-0.0016751517040762831
2007-11-08,-0.03163471682364816
2007-11-09,-0.011595392537696925
2007-11-12,-0.0068500939094156
2007-11-13,0.0015922711875113738
2007-11-14,0.03436920674226296
2007-11-15,-0.01137806564119137
2007-11-16,-0.00010292083152318998
2007-11-19,0.024395518820644835
2007-11-20,0.016374879056886504
2007-11-21,-0.011729691682282661
2007-11-22,-0.03974711828896471
2007-11-23,0.02099309165169072
2007-11-26,-0.0022084300962514902
2007-11-27,-0.007580585612015578
2007-11-28,-0.008710186209656579
2007-11-29,0.023772029576637266
2007-11-30,-0.014143379253461652
2007-12-03,0.008782581258837796
2007-12-04,0.0051738107519367915
2007-12-05,0.017737629611483063
2007-12-06,0.0060386170983763865
2007-12-07,0.01711805195639915
2007-12-10,0.027075499748326903
2007-12-11,0.021421849760402623
2007-12-12,0.004552171351612566
2007-12-13,-0.029049498979241695
2007-12-14,0.023793247347034363
2007-12-17,0.01545528497523141
2007-12-18,-0.013571172512495289
2007-12-19,0.02018516732903919
2007-12-20,0.011160321284044317
2007-12-21,0.014873215254662897
2007-12-24,0.018582727851880865
2007-12-25,0.012268672969878214
2007-12-26,0.020456330804683454
2007-12-27,0.008484621721883023
2007-12-28,-0.002731192499561441
2008-01-02,0.03313743258580182
2008-01-03,0.01696063230643552
2008-01-04,-0.00022339899628964766
2008-01-07,0.012600783836058449
2008-01-08,-0.026328359778575394
2008-01-09,0.024564895200156478
2008-01-10,0.004952603070406569
2008-01-11,-0.0012402257452478471
2008-01-14,0.012915072541073602
2008-01-15,0.01134330079713286
2008-01-16,-0.005313271024053767
2008-01-17,-0.01931264114887954
2008-01-18,0.009618558423759804
2008-01-21,-0.04192530464134481
2008-01-22,-0.07984388515602625
2008-01-23,0.05723994290667145
2008-01-24,0.03215662282043419
2008-01-25,0.0003994203844832622
2008-01-28,-0.06323454208510826
2008-01-29,0.011721809903498803
2008-01-30,0.004479804969944823
2008-01-31,-0.040380047505938155
2008-02-01,-0.03995319580332135
2008-02-04,0.08172576240816554
2008-02-05,0.00153442462919684
2008-02-13,-0.0013680258025399183
2008-02-14,0.023029560120607417
2008-02-15,-0.0024743534284427104
2008-02-18,0.031194253670295158
2008-02-19,0.017221594866659418
2008-02-20,-0.007160899776120999
2008-02-21,0.014296741909610722
2008-02-22,-0.021288989860942964
2008-02-25,-0.034385916136753236
2008-02-26,-0.007616703060165708
2008-02-27,0.020908102978686394
2008-02-28,0.0025071295429894835
2008-02-29,0.013779021313166329
2008-03-03,0.03455691762625035
2008-03-04,-0.006305076843861723
2008-03-05,0.0012465677073636439
2008-03-06,-0.00010587675293494136
2008-03-07,-0.021326785087178113
2008-03-10,-0.03525140282793138
2008-03-11,0.013265290094776727
2008-03-12,-0.026539475931926182
2008-03-13,-0.03346769031056451
2008-03-14,-0.007024494786986635
2008-03-17,-0.07505647104968949
2008-03-18,-0.06816969342114565
2008-03-19,0.04719980256412537
2008-03-20,0.04232154891501172
2008-03-21,0.010091707198692124
2008-03-24,-0.01659757557852659
2008-03-25,0.01343462299748377
2008-03-26,-0.005054810672357024
2008-03-27,-0.051663521147643054
2008-03-28,0.028046365276770402
2008-03-31,-0.04214731421363316
2008-04-01,-0.08205082369871897
2008-04-02,-0.05128780297017177
2008-04-03,0.024607336644682398
2008-04-07,0.06739448888317834
2008-04-08,0.020277464420100033
2008-04-09,-0.04929903241480271
2008-04-10,0.023930335788878043
2008-04-11,0.014288072156777964
2008-04-14,-0.05839227562786076
2008-04-15,0.02972329224126269
2008-04-16,-0.023134010404568528
2008-04-17,-0.03369002553808831
2008-04-18,-0.04249898005196373
2008-04-21,-0.007848531724905294
2008-04-22,-0.012732302935233197
2008-04-23,0.045342674313449294
2008-04-24,0.09039838805054856
2008-04-25,0.0034463157683308765
2008-04-28,-0.0058797295652675
2008-04-29,0.005271790584552072
2008-04-30,0.03738240633767953
2008-05-05,0.04282162752459229
2008-05-06,-0.005457471492506194
2008-05-07,-0.03889298453335721
2008-05-08,0.037638078472968406
2008-05-09,0.004501437010122844
2008-05-12,0.026327849293913852
2008-05-13,0.009172979653947255
2008-05-14,0.016084610440804337
2008-05-15,-0.01606590655774065
2008-05-16,-0.011046531035346585
2008-05-19,0.00030523468409660026
2008-05-20,-0.0606197602552595
2008-05-21,0.022685768845711607
2008-05-22,-0.008069090906344112
2008-05-23,-0.008569166914471626
2008-05-26,-0.024337077607438418
2008-05-27,0.0017299635192220553
2008-05-28,0.023545420645358472
2008-05-29,-0.021712340757484516
2008-05-30,0.0015979437070174907
2008-06-02,0.010622771903663564
2008-06-03,-0.01177416978747492
2008-06-04,-0.022217741318565132
2008-06-05,-0.00976226642497724
2008-06-06,-0.009415255809882894
2008-06-10,-0.08372217250388969
2008-06-11,-0.014789350738976692
2008-06-12,-0.010306914803480893
2008-06-13,-0.03638030063443254
2008-06-16,-0.015688068687145007
2008-06-17,-0.04882840121303578
2008-06-18,0.054114782689886454
2008-06-19,-0.08393230652215244
2008-06-20,0.020145542294288
2008-06-23,-0.015080194180358664
2008-06-24,0.029877411921362507
2008-06-25,0.05319380703952348
2008-06-26,0.010953355658582797
2008-06-27,-0.06558520195306594
2008-06-30,0.006181425607231894
2008-07-01,-0.014446493388561743
2008-07-02,0.01845085879237862
2008-07-03,0.047239096055591734
2008-07-04,-0.001032316476668682
2008-07-07,0.052703029131841994
2008-07-08,0.01695051377014134
2008-07-09,0.02805329602761808
2008-07-10,-0.018404899896360405
2008-07-11,-0.010067700849804573
2008-07-14,0.019514846082123283
2008-07-15,-0.026202485148528076
2008-07-16,-0.04413499130004295
2008-07-17,-0.009148785461718822
2008-07-18,0.0314153707644067
2008-07-21,0.04158996650034852
2008-07-22,0.00656611708286059
2008-07-23,-0.006390446318296106
2008-07-24,0.02332687674716838
2008-07-25,-0.004072276795974661
2008-07-28,0.013560148921216042
2008-07-29,-0.01898249268255936
2008-07-30,-0.002863156222698726
2008-07-31,-0.037268169128511164
2008-08-01,0.013709806041268147
2008-08-04,-0.023922499101109662
2008-08-05,-0.02516797229200418
2008-08-06,0.003545294955197731
2008-08-07,0.0023176682196925924
2008-08-08,-0.06817498129924193
2008-08-11,-0.07133212131564926
2008-08-12,-0.009323574173628502
2008-08-13,0.0037002059538171483
2008-08-14,0.005346510123463544
2008-08-15,-0.002125368831720764
2008-08-18,-0.06668697229379494
2008-08-19,0.014396336440201107
2008-08-20,0.08199178725703193
2008-08-21,-0.03726675131390733
2008-08-22,-0.01660648332868675
2008-08-25,-0.00277506313777931
2008-08-26,-0.049545385677393194
2008-08-27,-0.009157282810064227
2008-08-28,-0.0008248911041309759
2008-08-29,0.02981406837594469
2008-09-01,-0.02858141704285866
2008-09-02,0.0029791274206918406
2008-09-03,-0.009743259024279749
2008-09-04,0.010946184949557125
2008-09-05,-0.043658867667162427
2008-09-08,-0.045044920620671225
2008-09-09,0.008556582836346749
2008-09-10,0.00895655279940355
2008-09-11,-0.018832953792981
2008-09-12,0.0015683713102616625
2008-09-16,-0.015713060141800184
2008-09-17,-0.009985620332702672
2008-09-18,-0.02375629257735601
2008-09-19,0.09694089094788971
2008-09-22,0.0406363985712217
2008-09-23,-0.06465682936057515
2008-09-24,0.018568737985981354
2008-09-25,0.022279127694184497
2008-09-26,-0.003473970395730497
2008-10-06,-0.037186110814834694
2008-10-07,0.0014900088428786429
2008-10-08,-0.02728933997017946
2008-10-09,-0.015641791600608634
2008-10-10,-0.06344990937078399
2008-10-13,0.01937548330505634
2008-10-14,-0.027974423061137177
2008-10-15,-0.006612473937403274
2008-10-16,-0.05642956234843721
2008-10-17,0.010075858249847025
2008-10-20,0.0333354863414701
2008-10-21,0.004308487720809939
2008-10-22,-0.01937466704306079
2008-10-23,0.00801284472988284
2008-10-24,-0.010723293893659114
2008-10-27,-0.06986291094325725
2008-10-28,0.025795987924346342
2008-10-29,-0.031019780649126694
2008-10-30,0.009020659744844783
2008-10-31,-0.014087813087330425
2008-11-03,-0.007379757649352059
2008-11-04,-0.014777123137713177
2008-11-05,0.027311140276540025
2008-11-06,-0.019249392588389314
2008-11-07,0.014152489373300492
2008-11-10,0.07165463972345587
2008-11-11,-0.006635197240373425
2008-11-12,0.01879712931777533
2008-11-13,0.044792490952336506
2008-11-14,0.04861258138656743
2008-11-17,0.047152000832596075
2008-11-18,-0.07187685938694721
2008-11-19,0.0719504838462115
2008-11-20,0.0020399056968181117
2008-11-21,-0.01800940181562838
2008-11-24,-0.03659071435242911
2008-11-25,-0.006321292809055246
2008-11-26,0.000857580181625961
2008-11-27,0.010784384364020072
2008-11-28,-0.004092457675978767
2008-12-01,0.04960251047493158
2008-12-02,0.02333134548683069
2008-12-03,0.03714229342490216
2008-12-04,-0.001482829041276057
2008-12-05,0.023322684512273817
2008-12-08,0.0400722017209556
2008-12-09,-0.025797155395809623
2008-12-10,0.028462503977546794
2008-12-11,-0.035822672035078496
2008-12-12,-0.040925790942357154
2008-12-15,0.021087871355220278
2008-12-16,0.017729587761083465
2008-12-17,0.013240687102272997
2008-12-18,0.014498494739944023
2008-12-19,0.01221554261156399
2008-12-22,0.007633619401770764
2008-12-23,-0.05975489957177005
2008-12-24,-0.020339838292977364
2008-12-25,0.0018021050269614314
2008-12-26,-0.007591241247483449
2008-12-29,-0.002357628598797845
2008-12-30,0.0008759972261158655
2008-12-31,-0.010274166122992034
2009-01-05,0.03907146156760777
2009-01-06,0.03094300744602796
2009-01-07,0.005986986707496422
2009-01-08,-0.019391727464619923
2009-01-09,0.02709182523851017
2009-01-12,0.012082733819400282
2009-01-13,-0.026951218359738682
2009-01-14,0.037849059008840946
2009-01-15,0.013099624521879516
2009-01-16,0.0030157866965936364
2009-01-19,-0.000677432685522672
2009-01-20,0.010615891007420997
2009-01-21,-0.003069475812633171
2009-01-22,0.01808997942618551
2009-01-23,-0.009813268828651522
2009-02-02,0.02571224267484884
2009-02-03,0.02593455851377313
2009-02-04,0.019994794509770486
2009-02-05,-0.01816161763447266
2009-02-06,0.04044206469761802
2009-02-09,0.03329246010464315
2009-02-10,0.025243794281870402
2009-02-11,-0.0010422601080923855
2009-02-12,0.01868593919360717
2009-02-13,0.03482119513464643
2009-02-16,0.012820792157695271
2009-02-17,-0.03545716565123114
2009-02-18,-0.029545235610690668
2009-02-19,0.020454267621818678
2009-02-20,0.033104442996243266
2009-02-23,0.0333465524718628
2009-02-24,-0.03866941310020078
2009-02-25,0.007325925230738717
2009-02-26,-0.06997361174265859
2009-02-27,-0.052509970405265505
2009-03-02,0.02523512950533391
2009-03-03,0.015408500739332975
2009-03-04,0.057427519572166075
2009-03-05,0.004487418408402499
2009-03-06,-0.011819434659400385
2009-03-09,-0.04198701670690341
2009-03-10,0.025671007896220566
2009-03-11,-0.004280423858476157
2009-03-12,0.0016596011840095404
2009-03-13,-0.006841573463654549
2009-03-16,0.012219435460696815
2009-03-17,0.03474941206420312
2009-03-18,0.012849886951971978
2009-03-19,0.01692855970639129
2009-03-20,-0.00852922649213339
2009-03-23,0.0195926018749637
2009-03-24,0.008180599036813563
2009-03-25,-0.025348952389349422
2009-03-26,0.019673598995689323
2009-03-27,0.012767473292276232
2009-03-30,0.0037738665551132478
2009-03-31,0.013161544602542152
2009-04-01,0.014058027762726244
2009-04-02,0.002873690241240956
2009-04-03,-0.009747562461189352
2009-04-07,0.011918954773167734
2009-04-08,-0.03054889163830876
2009-04-09,0.015561152544845802
2009-04-10,0.035595895955175205
2009-04-13,0.011572646579384394
2009-04-14,0.0170982876624981
2009-04-15,0.017172202179124962
2009-04-16,0.0048373120888749455
2009-04-17,-0.017070101199504473
2009-04-20,0.026389250342494508
2009-04-21,0.0008663144797307343
2009-04-22,-0.04759848635729935
2009-04-23,0.010417381150345184
2009-04-24,-0.0033378699224143604
2009-04-27,-0.03179976476920465
2009-04-28,0.01379200001372638
2009-04-29,0.022092025495127565
2009-04-30,0.013519370602882441
2009-05-04,0.028458078922420915
2009-05-05,0.009435352268904795
2009-05-06,0.013082008942710388
2009-05-07,-0.0073988751783503615
2009-05-08,-0.007601917733400132
2009-05-11,-0.03560372859652483
2009-05-12,0.022597135551335912
2009-05-13,0.004744406493456532
2009-05-14,0.004999721486149911
2009-05-15,0.007688330444600933
2009-05-18,0.005819686751323827
2009-05-19,0.009753767275917369
2009-05-20,-0.0043889815133592025
2009-05-21,-0.017847790240286265
2009-05-22,0.0018695892283810966
2009-05-25,0.002412584292378339
2009-05-26,0.010559885041895978
2009-05-27,-0.0030345293185816136
2009-06-01,0.013650223815502072
2009-06-02,0.004410244542158548
2009-06-03,0.0017031267640899017
2009-06-04,-0.0018374763127336768
2009-06-05,-0.005767998783258732
2009-06-08,-0.0051721780165631115
2009-06-09,0.005828517331587513
2009-06-10,0.01174931349094055
2009-06-11,-0.001586591129971282
2009-06-12,-0.02109949915060061
2009-06-15,0.012530906589384383
2009-06-16,-0.0010873576168822785
2009-06-17,0.00732603701889456
2009-06-18,0.006767315475693314
2009-06-19,0.0004080293476629304
2009-06-22,-0.007147493431200136
2009-06-23,-0.002121440188109003
2009-06-24,0.012681585184707078
2009-06-25,-0.0020951561128311758
2009-06-26,0.004085107029804247
2009-06-29,0.0016947613028239772
2009-06-30,-0.011140127961286606
2009-07-01,0.004224658449144991
2009-07-02,0.007518519504928989
2009-07-03,0.0015146874838325441
2009-07-06,0.0025723186537973675
2009-07-07,0.014141164931114503
2009-07-08,0.008765423674505834
2009-07-09,0.028508459123427476
2009-07-10,-0.0010247751088666712
2009-07-13,0.011351714958387271
2009-07-14,0.012846421038256617
2009-07-15,0.005958732832272107
2009-07-16,-0.007421049780618749
2009-07-17,0.005920496588472934
2009-07-20,0.023105803994341034
2009-07-21,-0.026293480285583426
2009-07-22,0.014620071878529206
2009-07-23,0.008899906586591566
2009-07-24,-0.009864263639966175
2009-07-27,0.01888387212545961
2009-07-28,0.015171029448949325
2009-07-29,-0.05431018723092229
2009-07-30,0.01550325089745197
2009-07-31,0.025594882687809406
2009-08-03,0.018752937119442148
2009-08-04,0.014323840522908915
2009-08-05,0.004689411934067467
2009-08-06,-0.012028489058038105
2009-08-07,-0.023478042464771032
2009-08-10,0.015446763969949595
2009-08-11,0.0034197693783053484
2009-08-12,-0.04553052693927606
2009-08-13,0.0013716335628182197
2009-08-14,-0.04948724311899266
2009-08-17,-0.06301432901304249
2009-08-18,0.015602835775415214
2009-08-19,-0.0393989324402515
2009-08-20,0.035995470050114164
2009-08-21,0.029215969923457097
2009-08-24,0.029739048194826534
2009-08-25,-0.01114669119730749
2009-08-26,0.02986668724132402
2009-08-27,0.010738521757805541
2009-08-28,-0.0288223121170611
2009-08-31,-0.06726480704539428
2009-09-01,-0.005716852909878889
2009-09-02,0.00553105191484371
2009-09-03,0.04348317483725905
2009-09-04,0.020972846673454226
2009-09-07,0.016218810542519613
2009-09-08,0.010452664408888257
2009-09-09,0.004126129457578953
2009-09-10,-0.010006134314161308
2009-09-11,0.012696174841454688
2009-09-14,0.024217255674951588
2009-09-15,0.011461087378050294
2009-09-16,0.005642210030132544
2009-09-17,0.02956809908978375
2009-09-18,-0.027880917015785656
2009-09-21,0.02432549476387913
2009-09-22,-0.016198109425372587
2009-09-23,-0.022892374552158534
2009-09-24,-0.012395610334649976
2009-09-25,-0.004449437512084264
2009-09-28,-0.0216675775453391
2009-09-29,-0.020859633023249335
2009-09-30,0.012712737439776634
2009-10-09,0.05038353642737814
2009-10-12,0.010149317197727603
2009-10-13,0.011852738864089218
2009-10-14,0.0027458758849290277
2009-10-15,0.0033103301972134958
2009-10-16,0.005990255672342126
2009-10-19,0.020783684068048203
2009-10-20,0.012780586306016861
2009-10-21,-0.012167017837324878
2009-10-22,0.003555394035547943
2009-10-23,0.013638376958508891
2009-10-26,0.007424030219846056
2009-10-27,-0.020640515340807575
2009-10-28,0.00958529998757296
2009-10-29,-0.011657844169776332
2009-10-30,0.01505196764261063
2009-11-02,0.031646915908927875
2009-11-03,0.02362223306988409
2009-11-04,0.012215040037276692
2009-11-05,0.009144380635443428
2009-11-06,-0.001623007324173309
2009-11-09,0.007312282534555736
2009-11-10,0.004685022663225125
2009-11-11,0.005418277884702283
2009-11-12,0.00557851759124528
2009-11-13,0.015078913766998436
2009-11-16,0.02030518640462997
2009-11-17,0.005381100967082331
2009-11-18,0.0037686667385146144
2009-11-19,0.011317513440381788
2009-11-20,0.004583005117959615
2009-11-23,0.016906836355611965
2009-11-24,-0.05389152394339736
2009-11-25,0.031705658931957315
2009-11-26,-0.04388925190505333
2009-11-27,-0.01249722692535049
2009-11-30,0.04807702139233183
2009-12-01,0.030384218614072367
2009-12-02,0.011803736704768086
2009-12-03,0.007524610588568681
2009-12-04,-0.028131537913663185
2009-12-07,0.015555130211312607
2009-12-08,-0.0033062121944570366
2009-12-09,-0.012583809563630477
2009-12-10,0.008306979316011986
2009-12-11,0.0019491587648607922
2009-12-14,-0.003956174349658115
2009-12-15,0.010523466581165541
2009-12-16,-0.0021549379135546998
2009-12-17,-0.030113124803453184
2009-12-18,-0.032402497970731914
2009-12-21,0.014084963654344307
2009-12-22,-0.01973007266621496
2009-12-23,0.024121796892045744
2009-12-24,0.03097481299119398
2009-12-25,0.010500463316030828
2009-12-28,0.011356231360694746
2009-12-29,0.004240924979545646
2009-12-30,-0.007344733735091591
2009-12-31,0.011082384468724449
2010-01-04,0.006811129736802757
2010-01-05,0.016047988723419726
2010-01-06,-0.004899940206669617
2010-01-07,-0.021535139215903
2010-01-08,0.012246346424059418
2010-01-11,0.01224689504586518
2010-01-12,0.02663794029188682
2010-01-13,-0.0004095339088758809
2010-01-14,0.03066935172877905
2010-01-15,0.007924885546775728
2010-01-18,0.014661994860558192
2010-01-19,-0.003967384994511103
2010-01-20,-0.03968659636177252
2010-01-21,-7.614561454027946e-05
2010-01-22,-0.02993454245692606
2010-01-25,-0.01247808181132326
2010-01-26,-0.03015784523480025
2010-01-27,-0.0023775297603749745
2010-01-28,0.015471927828943466
2010-01-29,0.012050049079243452
2010-02-01,-0.012364346924651715
2010-02-02,-0.007829336650255647
2010-02-03,0.006387856287773497
2010-02-04,0.005564732454598431
2010-02-05,-0.023624929990993637
2010-02-08,-0.0014014952916516776
2010-02-09,0.00098758114661468
2010-02-10,0.016462348096903945
2010-02-11,-0.00048357066649085123
2010-02-12,0.014051532302880698
2010-02-22,-4.6307603682071985e-05
2010-02-23,0.010365444777345356
2010-02-24,0.02721871143341459
2010-02-25,0.011746827826144557
2010-02-26,0.004187178338263653
2010-03-01,0.009195215376086585
2010-03-02,0.0028627408754486883
2010-03-03,0.015415218036551437
2010-03-04,-0.036163614163614244
2010-03-05,-0.003696562627473088
2010-03-08,0.012142450258371573
2010-03-09,-0.0012042507816449888
2010-03-10,-0.012811692272861719
2010-03-11,-0.008867212235417532
2010-03-12,-0.013215934914785676
2010-03-15,-0.006055272041713966
2010-03-16,0.0067252055229727326
2010-03-17,0.0283812925100988
2010-03-18,-0.0002731951271509603
2010-03-19,0.008977634172551152
2010-03-22,0.008448949993310473
2010-03-23,-0.006008830673735255
2010-03-24,0.005473217867475899
2010-03-25,-0.00903443650454272
2010-03-26,0.012649574883508041
2010-03-29,0.004218784124526032
2010-03-30,0.004823842867130779
2010-03-31,0.007074486740625163
2010-04-01,0.013108349887487103
2010-04-02,0.0015124209438239777
2010-04-06,-0.00040052086968866973
2010-04-07,0.007462690161105456
2010-04-08,0.0013501698647058191
2010-04-09,0.01903943772709682
2010-04-12,0.022041611174014486
2010-04-13,-0.015169922242489142
2010-04-14,0.00965944684546649
2010-04-15,-0.011558159683208502
2010-04-16,-0.0002606908307012379
2010-04-19,-0.031450124513496935
2010-04-20,0.02240836864215434
2010-04-21,0.032639619530258734
2010-04-22,0.004694730738956432
2010-04-23,-0.009026393574369962
2010-04-26,-3.413438409205494e-05
2010-04-27,-0.026888961640119113
2010-04-28,-0.0011404135341001043
2010-04-29,-0.02750181604426194
2010-04-30,-0.02853912514496304
2010-05-04,0.007473989603076214
2010-05-05,0.028301057460653256
2010-05-06,-0.023435742794902237
2010-05-07,-0.019141956999705112
2010-05-10,-0.026960458346396154
2010-05-11,-0.02976050062461799
2010-05-12,-0.030130105579464828
2010-05-13,0.03962150851295587
2010-05-14,0.010558481277434195
2010-05-17,-0.05748555138386302
2010-05-18,0.009299404385585408
2010-05-19,0.006810357545831813
2010-05-20,-0.016992724615424115
2010-05-21,0.020624786774864567
2010-05-24,0.043414333241222014
2010-05-25,-0.0026097831940596894
2010-05-26,-0.000517468210986971
2010-05-27,0.020075348909694757
2010-05-28,0.00983051777221755
2010-05-31,-0.025905281095132904
2010-06-01,-0.017068525835367332
2010-06-02,0.011651110907854534
2010-06-03,-0.0031625881648760235
2010-06-04,0.00837505921719206
2010-06-07,0.003726355708587592
2010-06-08,0.008502980822578277
2010-06-09,0.022161496698156924
2010-06-10,0.006209297391656765
2010-06-11,-0.0077338207413339966
2010-06-17,-0.020460140543118843
2010-06-18,-0.04775014865724114
2010-06-21,0.02029153095960745
2010-06-22,0.004052162342123911
2010-06-23,-0.0025742442465759297
2010-06-24,0.0014266774382400982
2010-06-25,-0.019362003387101256
2010-06-28,-0.021518466509633405
2010-06-29,-0.053815127801042695
2010-06-30,-0.012274046296846364
2010-07-01,-0.019053386929706928
2010-07-02,-0.012432884277058798
2010-07-05,-0.008636023302105555
2010-07-06,0.028918698033812085
2010-07-07,0.017668951610376515
2010-07-08,-0.005747419642558649
2010-07-09,0.030245899995635428
2010-07-12,0.006976028578502991
2010-07-13,-0.011883489780568302
2010-07-14,0.009247142128493868
2010-07-15,-0.025794663713623156
2010-07-16,0.0026584733645018677
2010-07-19,0.02185659837336873
2010-07-20,0.035488968899997086
2010-07-21,0.003348860965320277
2010-07-22,0.015798405344251698
2010-07-23,0.0028127823436823185
2010-07-26,0.016194714335363125
2010-07-27,0.0005886816981861553
2010-07-28,0.022028209844386915
2010-07-29,0.004418026587094559
2010-07-30,-0.0014520658007870502
2010-08-02,0.02247308529214931
2010-08-03,-0.017323839066042068
2010-08-04,0.009911748132142462
2010-08-05,0.004809518719006034
2010-08-06,0.023003933099226215
2010-08-09,0.015658600415788815
2010-08-10,-0.03428056703036331
2010-08-11,0.012680874279881182
2010-08-12,-0.0082658443885264
2010-08-13,0.018225357670093034
2010-08-16,0.02417904434981777
2010-08-17,0.007762291744939143
2010-08-18,0.002512358001065529
2010-08-19,-8.609431009887203e-06
2010-08-20,-0.023134936056487976
2010-08-23,0.007145955823308903
2010-08-24,0.013020321220104325
2010-08-25,-0.02339253273171704
2010-08-26,0.008976514230873311
2010-08-27,0.007420939742183608
2010-08-30,0.031453757612470046
2010-08-31,0.013047080149563461
2010-09-01,-0.013155952750535604
2010-09-02,0.019716645162742186
2010-09-03,0.008781615251688635
2010-09-06,-0.006783879575142149
2010-09-07,0.006631519437742206
2010-09-08,0.012925170223080817
2010-09-09,-0.00538811774336756
2010-09-10,0.014780005760059778
2010-09-13,0.018030856405484297
2010-09-14,0.007043123335358281
2010-09-15,-0.018938953244989287
2010-09-16,-0.025794165806432456
2010-09-17,-0.0020136509607959763
2010-09-20,-0.015716053616016912
2010-09-21,-0.0037267046216556965
2010-09-27,0.03151799643349551
2010-09-28,-0.004752413565689562
2010-09-29,-0.014574436861243267
2010-09-30,0.0145148995013622
2010-10-08,0.023892881745718686
2010-10-11,-0.0018173032759247754
2010-10-12,0.00215308300474093
2010-10-13,0.0030497299057101745
2010-10-14,-0.0327063598235392
2010-10-15,0.0017176357308350543
2010-10-18,-0.0199948616175345
2010-10-19,0.037057583001007366
2010-10-20,0.009497541816657629
2010-10-21,0.009232963367135971
2010-10-22,0.014497993141759924
2010-10-25,0.032354913168324506
2010-10-26,0.010741020453600703
2010-10-27,-0.011651239293659188
2010-10-28,-0.001192723086795855
2010-10-29,0.01992993690451672
2010-11-01,0.0344377426607152
2010-11-02,-0.004980234743197198
2010-11-03,-0.01940061066016896
2010-11-04,0.029763181625584334
2010-11-05,0.01647716462543025
2010-11-08,0.019015938967246182
2010-11-09,0.008638428124412734
2010-11-10,0.007508439873803452
2010-11-11,-0.00812271680525567
2010-11-12,-0.06108349653150835
2010-11-15,0.03434907251776709
2010-11-16,-0.03399398840021861
2010-11-17,-0.043541183500268366
2010-11-18,0.018916220271341988
2010-11-19,0.0413785234221411
2010-11-22,0.021342189938006184
2010-11-23,-0.011797321039669795
2010-11-24,0.03021616705829744
2010-11-25,0.0077230393257714525
2010-11-26,-0.005282373561504183
2010-11-29,0.004560382462442059
2010-11-30,-0.023824169372601345
2010-12-01,-0.0008209015115404616
2010-12-02,0.0038622277332691635
2010-12-03,-0.007087933673340152
2010-12-06,-0.015788919542564672
2010-12-07,0.016190221960149964
2010-12-08,0.0015710361624530211
2010-12-09,-0.019663126973681777
2010-12-10,0.016520635820665985
2010-12-13,0.029950754125935397
2010-12-14,0.013764802487927996
2010-12-15,-0.003559777226116445
2010-12-16,-0.00041947171860123866
2010-12-17,0.0037092177271143
2010-12-20,-0.01107279496672997
2010-12-21,0.006312943446270758
2010-12-22,-0.010031785503533897
2010-12-23,-0.024572980951260592
2010-12-24,-0.022547507700934943
2010-12-27,-0.03302592258281123
2010-12-28,-0.02305583085015761
2010-12-29,0.024044617119514555
2010-12-30,0.005322152574862127
2010-12-31,0.024819406004303657
2011-01-04,0.013873725541900805
2011-01-05,0.0036675761763957926
2011-01-06,-0.006972972620653883
2011-01-07,-0.00894171120516396
2011-01-10,-0.032835900573923826
2011-01-11,-0.00952645771362104
2011-01-12,0.0038035312189148573
2011-01-13,0.003496091185972494
2011-01-14,-0.02118486671039832
2011-01-17,-0.04304558859370422
2011-01-18,0.0044896817255299926
2011-01-19,0.025620706119525716
2011-01-20,-0.03484428696588315
2011-01-21,0.004744630274122086
2011-01-24,-0.029834896592005777
2011-01-25,-0.018297532899409052
2011-01-26,0.016027991812852083
2011-01-27,0.02155129943313394
2011-01-28,0.011176612099996097
2011-01-31,0.014140804597062129
2011-02-01,0.0057475435088933935
2011-02-09,-0.0002347789350323204
2011-02-10,0.0299916031012053
2011-02-11,0.012000808676976726
2011-02-14,0.015514844405991601
2011-02-15,0.003572059781379311
2011-02-16,0.018667834710567544
2011-02-17,0.013225098490563525
2011-02-18,-0.012485117470314888
2011-02-21,0.02248636413523375
2011-02-22,-0.02293326915384508
2011-02-23,0.014753723302932897
2011-02-24,0.003033265808241259
2011-02-25,0.0001901197913118935
2011-02-28,0.014570901994452656
2011-03-01,0.004065771310951094
2011-03-02,-0.005609320424581621
2011-03-03,-0.02282010589974015
2011-03-04,0.01238012139484046
2011-03-07,0.010151913165379556
2011-03-08,0.007194921462025938
2011-03-09,0.004220785084668943
2011-03-10,-0.002423703053927806
2011-03-11,-0.0016097765233168415
2011-03-14,0.010725847039013692
2011-03-15,-0.015445451429818569
2011-03-16,0.017200531666632823
2011-03-17,-0.02082514493583454
2011-03-18,0.007222891334959458
2011-03-21,-0.009360545244418317
2011-03-22,-0.003463341492342731
2011-03-23,0.011084958213702922
2011-03-24,0.0025298272340199546
2011-03-25,0.003693133116447811
2011-03-28,-0.006651103659888524
2011-03-29,-0.01918723239919473
2011-03-30,-0.008213967839789671
2011-03-31,-0.007597207136071926
2011-04-01,0.008728276996278872
2011-04-06,-0.0047119489154828775
2011-04-07,0.003817857944547809
2011-04-08,0.013962201467273339
2011-04-11,-0.010182801523309637
2011-04-12,-0.0029358511043332536
2011-04-13,0.011833648907983552
2011-04-14,-5.422347433159391e-05
2011-04-15,-0.003850273348627531
2011-04-18,0.00045237514833318393
2011-04-19,-0.00826457440956696
2011-04-20,0.010786144908824236
2011-04-21,0.00445863367749233
2011-04-22,-0.007754316861606103
2011-04-25,-0.024535950840643195
2011-04-26,-0.018135364317000358
2011-04-27,-0.017467778141868395
2011-04-28,-0.033215764440348905
2011-04-29,0.018581826539324275
2011-05-03,0.017381253375464034
2011-05-04,-0.018973895924807693
2011-05-05,0.003562372900951516
2011-05-06,0.011929285540529966
2011-05-09,0.009277886933952706
2011-05-10,0.00640718533998097
2011-05-11,-0.0003493715062848901
2011-05-12,-0.018439799673680923
2011-05-13,0.006136236727396938
2011-05-16,0.000466785726570329
2011-05-17,-0.0028116413341227053
2011-05-18,0.007652602030639555
2011-05-19,-0.004313736027063864
2011-05-20,-0.0025834323852876873
2011-05-23,-0.034897976093245964
2011-05-24,-0.005068612317628118
2011-05-25,-0.011387027518925064
2011-05-26,-0.009953748236501303
2011-05-27,-0.02532268464448184
2011-05-30,-0.015895379893972272
2011-05-31,0.020547081189471017
2011-06-01,0.010669683463759627
2011-06-02,-0.014417501958986056
2011-06-03,0.01672065075214424
2011-06-07,0.009879243108599667
2011-06-08,0.0037359785675998847
2011-06-09,-0.021356879232820036
2011-06-10,-0.0005241514440922357
2011-06-13,-0.0031689810524676565
2011-06-14,0.012592961548349102
2011-06-15,-0.009569074304154324
2011-06-16,-0.023048372401093142
2011-06-17,-0.013833158724298245
2011-06-20,-0.016550042570012358
2011-06-21,0.009675187711298827
2011-06-22,-0.0011871034914047174
2011-06-23,0.019729051296299982
2011-06-24,0.02624416065663704
2011-06-27,0.014975310467382208
2011-06-28,0.0032705030526649637
2011-06-29,-0.013011495420644947
2011-06-30,0.016206641568936808
2011-07-01,0.0008594288193486399
2011-07-04,0.02411320299294628
2011-07-05,0.007020212764329292
2011-07-06,0.004041336528653794
2011-07-07,0.00048480749120560773
2011-07-08,-0.004011664323052888
2011-07-11,0.008423685011730297
2011-07-12,-0.013616267647081126
2011-07-13,0.019644438820701104
2011-07-14,0.010693260387458992
2011-07-15,0.007123769757288789
2011-07-18,0.004048207702756157
2011-07-19,-0.011047856949805812
2011-07-20,0.0012968095648067113
2011-07-21,-0.012618532621483936
2011-07-22,0.006321379959193463
2011-07-25,-0.04384360909166718
2011-07-26,0.004687119267525075
2011-07-27,0.017693319051631073
2011-07-28,-0.001192882922273597
2011-07-29,-0.01283058089848732
2011-08-01,0.004175360736290434
2011-08-02,-0.004741165844525996
2011-08-03,0.004537810745949056
2011-08-04,0.002941331668235181
2011-08-05,-0.019790392002206225
2011-08-08,-0.051061629505515294
2011-08-09,-0.003534001953776289
2011-08-10,0.014531216370589961
2011-08-11,0.015755882549727707
2011-08-12,0.016589038473808326
2011-08-15,0.014661213977415377
2011-08-16,-0.007251607253075831
2011-08-17,-0.002317490350700835
2011-08-18,-0.016476227725181092
2011-08-19,-0.008719881791879103
2011-08-22,-0.008314544346425534
2011-08-23,0.01900561390089317
2011-08-24,0.001498548537626876
2011-08-25,0.017759643400075742
2011-08-26,0.0042385583309023644
2011-08-29,-0.004356330746994153
2011-08-30,-0.011577470000847967
2011-08-31,-0.006601480330581055
2011-09-01,-0.00418740869879064
2011-09-02,-0.011348305453959706
2011-09-05,-0.02710580626436554
2011-09-06,-0.009797680339408754
2011-09-07,0.027283313484822713
2011-09-08,-0.00851207832505907
2011-09-09,-0.006723863298901067
2011-09-13,-0.01589828215057565
2011-09-14,0.010591753571908669
2011-09-15,0.003174810874777778
2011-09-16,0.0014728907647274525
2011-09-19,-0.020713020950932193
2011-09-20,0.0050506018856388835
2011-09-21,0.030414784824652097
2011-09-22,-0.02649410765533744
2011-09-23,-0.00760421857434157
2011-09-26,-0.014812166245959157
2011-09-27,0.0030191856914925097
2011-09-28,-0.013595026735421123
2011-09-29,-0.033413127784022945
2011-09-30,-0.002331886964373364
2011-10-10,-0.003912852955491708
2011-10-11,-0.004552355586875945
2011-10-12,0.0353361065788278
2011-10-13,0.014816902244041419
2011-10-14,-0.0043932246987662404
2011-10-17,0.005451383783140917
2011-10-18,-0.032370115560891866
2011-10-19,-0.005367413905407292
2011-10-20,-0.02972199188794833
2011-10-21,-0.021432406262537507
2011-10-24,0.015832164165989093
2011-10-25,0.03096129731205255
2011-10-26,0.009232281672893139
2011-10-27,0.0007301863922464236
2011-10-28,0.023547074050624506
2011-10-31,0.010458143787658525
2011-11-01,0.003250945355997459
2011-11-02,0.0245516707744442
2011-11-03,0.005031805809960765
2011-11-04,0.007416947820419573
2011-11-07,-0.0035825797476020105
2011-11-08,-0.015199904706683087
2011-11-09,0.019129820996069302
2011-11-10,-0.011467466587511743
2011-11-11,0.0013531584845971611
2011-11-14,0.02702587758354147
2011-11-15,0.006763909811728475
2011-11-16,-0.022927281794491328
2011-11-17,0.0006400204730443448
2011-11-18,-0.02949888335451889
2011-11-21,0.004633939362768791
2011-11-22,0.0004244213145798703
2011-11-23,-0.0033032823017317137
2011-11-24,0.0005249079455220684
2011-11-25,-0.007265928841546865
2011-11-28,0.0038002261084075784
2011-11-29,0.01504772329805193
2011-11-30,-0.04481118059417433
2011-12-01,0.01950321247234421
2011-12-02,-0.022936290754907107
2011-12-05,-0.03592272523809725
2011-12-06,0.0035479381165008927
2011-12-07,0.0072560618295196555
2011-12-08,0.0008634127417730397
2011-12-09,-0.013341156521641695
2011-12-12,-0.013190179193313556
2011-12-13,-0.03299151811674117
2011-12-14,-0.020796665455693586
2011-12-15,-0.023970369082018772
2011-12-16,0.03300470665150823
2011-12-19,0.004823712558819304
2011-12-20,-0.0054713797676001485
2011-12-21,-0.026649337227413028
2011-12-22,-0.015439932561677527
2011-12-23,0.005445107809976646
2011-12-26,-0.009143528886210617
2011-12-27,-0.02887833072934176
2011-12-28,-0.005500576987827355
2011-12-29,0.0025447040341750604
2011-12-30,0.019493527217697926
2012-01-04,-0.02657565773823678
2012-01-05,-0.04429836284409061
2012-01-06,0.0035542520456925963
2012-01-09,0.0392417653921453
2012-01-10,0.039214189986628734
2012-01-11,0.0026019395257705913
2012-01-12,-0.003246704541944978
2012-01-13,-0.04350319014541493
2012-01-16,-0.037323639271563125
2012-01-17,0.054367821249102555
2012-01-18,-0.029753508016042707
2012-01-19,0.006592259522561594
2012-01-20,0.017142839358629702
2012-01-30,-0.002866407890332434
2012-01-31,-8.10105700381758e-05
2012-02-01,-0.006441475862111412
2012-02-02,0.01788496346036239
2012-02-03,0.022018313546659618
2012-02-06,0.010533410331512671
2012-02-07,-0.016216730786520528
2012-02-08,0.0263424013418041
2012-02-09,0.009064955328498492
2012-02-10,0.0016555723230755603
2012-02-13,0.014714875005182204
2012-02-14,-0.0019145788025938248
2012-02-15,0.016639722643809973
2012-02-16,-0.00018370829024905166
2012-02-17,-0.0021696663417852813
2012-02-20,0.002928327447996759
2012-02-21,0.013400291474713999
2012-02-22,0.02173672050841824
2012-02-23,0.0012938817261471947
2012-02-24,0.008508260546577162
2012-02-27,0.00331017944994616
2012-02-28,-0.009050916466562198
2012-02-29,-0.01040162929198607
2012-03-01,0.007354113666584672
2012-03-02,0.019084604521183213
2012-03-05,0.00076659518481903
2012-03-06,-0.008431375919004669
2012-03-07,-0.0031250183330497894
2012-03-08,0.013206399954632131
2012-03-09,0.014683282163439726
2012-03-12,0.009485016229436871
2012-03-13,0.010850875784419678
2012-03-14,-0.0458076462347885
2012-03-15,-0.002035152339810553
2012-03-16,0.025717277038298514
2012-03-19,0.011924856695488595
2012-03-20,-0.025325733025069463
2012-03-21,0.002411489393125743
2012-03-22,-0.004669585564709644
2012-03-23,-0.020395592198512835
2012-03-26,-0.001193433758333362
2012-03-27,-0.0034910401786840684
2012-03-28,-0.04436877061497402
2012-03-29,-0.017835642187037815
2012-03-30,-0.004018025894395705
2012-04-05,0.02947835509364083
2012-04-06,0.0083949511552599
2012-04-09,-0.017206082729153693
2012-04-10,0.01000413927003363
2012-04-11,0.002097998089545028
2012-04-12,0.020036663466693083
2012-04-13,0.005720862053005815
2012-04-16,-0.00108112147601791
2012-04-17,-0.00918476353510811
2012-04-18,0.020868252086797323
2012-04-19,0.0014574778128915167
2012-04-20,0.004915901563585345
2012-04-23,-0.022225578626179354
2012-04-24,-0.012214293550363298
2012-04-25,0.008383614129948258
2012-04-26,-0.005229764520496283
2012-04-27,-0.003387893440320866
2012-05-02,0.015768864726249054
2012-05-03,0.006934327884532854
2012-05-04,0.011667313710796767
2012-05-07,0.00928570192291045
2012-05-08,0.0010407109845917972
2012-05-09,-0.019425591576756385
2012-05-10,0.007988535162247956
2012-05-11,-0.005606828718748624
2012-05-14,-0.0033540889601562096
2012-05-15,0.0018756045709664715
2012-05-16,-0.01012468621164031
2012-05-17,0.01106007061296177
2012-05-18,-0.017325779540172115
2012-05-21,-0.0012301971809738355
2012-05-22,0.012621998117445798
2012-05-23,-0.003487299517294984
2012-05-24,-0.0045619016958200476
2012-05-25,-0.009976639537644605
2012-05-28,0.010531447338993916
2012-05-29,0.016970788096410505
2012-05-30,0.005142228380471181
2012-05-31,0.004753452172340689
2012-06-01,-0.005119157820657527
2012-06-04,-0.029644549865555758
2012-06-05,0.0018926848788356487
2012-06-06,-0.004492197549887389
2012-06-07,-0.007863502229831676
2012-06-08,-0.003760860523186249
2012-06-11,0.020775963099126216
2012-06-12,-0.00517917485994257
2012-06-13,0.016837903515389163
2012-06-14,-0.006972389665423795
2012-06-15,0.0015600232666483915
2012-06-18,0.013284545805603898
2012-06-19,-0.002776092142355413
2012-06-20,-0.005465766909801495
2012-06-21,-0.013382640199739892
2012-06-25,-0.02415854821077501
2012-06-26,0.0011208274779104244
2012-06-27,0.0008220618322345441
2012-06-28,-0.011229970361373187
2012-06-29,0.011488166682938283
2012-07-02,0.011678478192490349
2012-07-03,0.001720690318956386
2012-07-04,-0.0054915964903533565
2012-07-05,-0.02219640844185733
2012-07-06,0.016606499026909027
2012-07-09,-0.02551019251585407
2012-07-10,-0.011630594995744481
2012-07-11,0.011285261846377015
2012-07-12,0.014956388473361004
2012-07-13,-0.007105871494680782
2012-07-16,-0.04537770343884295
2012-07-17,0.00855442909739712
2012-07-18,0.007840513949602501
2012-07-19,0.011186274678974817
2012-07-20,-0.004682449596364879
2012-07-23,-0.0069353732115814415
2012-07-24,0.009037992430387387
2012-07-25,-0.005729755434461858
2012-07-26,-0.0063983028846510415
2012-07-27,-0.004448080839449919
2012-07-30,-0.020694284641345928
2012-07-31,-0.014382980548060087
2012-08-01,0.018155008840867515
2012-08-02,-0.0030411120874438424
2012-08-03,0.020213570066025532
2012-08-06,0.023968520892448275
2012-08-07,0.009002831169295566
2012-08-08,-0.0023862272631692827
2012-08-09,0.015453541845469765
2012-08-10,0.0006978297037492087
2012-08-13,-0.01931445502810425
2012-08-14,0.011946621886919528
2012-08-15,-0.011311340007373216
2012-08-16,-0.009916523782604547
2012-08-17,0.002034666901817861
2012-08-20,0.003940692707201876
2012-08-21,0.018641665310765276
2012-08-22,-0.005368096835263403
2012-08-23,0.009550485394754116
2012-08-24,-0.01974344187774224
2012-08-27,-0.022414148006240753
2012-08-28,0.006584287796844723
2012-08-29,0.0026050178461700657
2012-08-30,-0.0145495444098519
2012-08-31,0.005642232929997215
2012-09-03,0.019542367614941325
2012-09-04,-0.005066569674499366
2012-09-05,0.00862398092889105
2012-09-06,0.01229718673829483
2012-09-07,0.029260581071014036
2012-09-10,0.011167040762251501
2012-09-11,-0.0021648522654098556
2012-09-12,0.0043118500806318405
2012-09-13,-0.0170152719686123
2012-09-14,-0.0007773231188568097
2012-09-17,-0.029045457197481306
2012-09-18,0.00034283189596484576
2012-09-19,0.012683334793956336
2012-09-20,-0.035178416637414056
2012-09-21,-0.011360686577395307
2012-09-24,0.009184335918618336
2012-09-25,-0.00799128861724352
2012-09-26,-0.026696070564553698
2012-09-27,0.022162033004724968
2012-09-28,0.01698942225528044
2012-10-08,0.001140676629445947
2012-10-09,0.028447985486126814
2012-10-10,0.01193845065440402
2012-10-11,-0.014789634275652053
2012-10-12,-0.0036263614024087953
2012-10-15,-0.007433969727075107
2012-10-16,0.003102378188052146
2012-10-17,0.004116526774462059
2012-10-18,0.015819070074901243
2012-10-19,-0.002767729185708445
2012-10-22,0.0033337571038833946
2012-10-23,-0.01203932879750269
2012-10-24,-0.0056087503090777036
2012-10-25,-0.011858840753581346
2012-10-26,-0.021079052030604895
2012-10-29,-0.0033063390718287566
2012-10-30,0.00042031276693244024
2012-10-31,0.0035791385973535927
2012-11-01,0.01597725971389785
2012-11-02,0.0012760391744026656
2012-11-05,-0.004784063701768426
2012-11-06,-0.006155776995292017
2012-11-07,-0.0007778545292727035
2012-11-08,-0.026427644406131656
2012-11-09,-0.004272663111428376
2012-11-12,0.0054508841560105825
2012-11-13,-0.019242471059733868
2012-11-14,0.0047280364254269625
2012-11-15,-0.01923213186895134
2012-11-16,-0.007506679645712611
2012-11-19,0.0035157778993832878
2012-11-20,-0.0007358794188557782
2012-11-21,0.008754276290130258
2012-11-22,-0.013554642289814844
2012-11-23,0.0008206910122336986
2012-11-26,-0.011527567311811482
2012-11-27,-0.04148843340808728
2012-11-28,-0.02474083416929762
2012-11-29,-0.010063245592183634
2012-11-30,0.010092149051772914
2012-12-03,-0.03124932961029181
2012-12-04,0.011905510258604535
2012-12-05,0.03808051098273335
2012-12-06,-0.000863987139138378
2012-12-07,0.022344923812521955
2012-12-10,0.018609350112428258
2012-12-11,-0.008480281303512305
2012-12-12,-0.00286576864891952
2012-12-13,-0.014563387590711296
2012-12-14,0.03975735702294436
2012-12-17,0.006900623091650848
2012-12-18,-0.0019726033366054274
2012-12-19,0.009561172855180322
2012-12-20,0.003052895767505559
2012-12-21,0.0027097934242177324
2012-12-24,0.009557917845914865
2012-12-25,0.021082190511025667
2012-12-26,0.014903767268756862
2012-12-27,-0.011711360518315561
2012-12-28,0.010954845318269069
2012-12-31,0.008756440827861978
2013-01-04,-0.011099174473038098
2013-01-07,0.01339160780853721
2013-01-08,0.019130235495772085
2013-01-09,0.003508799742124369
2013-01-10,0.007968123993452814
2013-01-11,-0.016707386658818768
2013-01-14,0.04133218139641559
2013-01-15,0.02388783051446075
2013-01-16,0.0010065826518967924
2013-01-17,-0.013993912371558892
2013-01-18,0.018317608431143162
2013-01-21,0.008799456833853636
2013-01-22,-0.02016184520351072
2013-01-23,0.004076999021085603
2013-01-24,-0.024535009574556677
2013-01-25,0.002522125140082432
2013-01-28,0.02989280194610422
2013-01-29,0.006356133612448023
2013-01-30,-0.0033098221326556265
2013-01-31,-0.006357566553628735
2013-02-01,0.005984080421794324
2013-02-04,-0.012449657475703368
2013-02-05,0.011963737815780862
2013-02-06,0.008498832868020667
2013-02-07,0.00911602631785624
2013-02-08,0.016367084454999015
2013-02-18,0.012612312245723789
2013-02-19,-0.01665571339412375
2013-02-20,0.02346516898574369
2013-02-21,-0.01756147651647544
2013-02-22,-0.004946179165554732
2013-02-25,0.01755059700691919
2013-02-26,-0.00915241603903405
2013-02-27,-0.0011974665799888706
2013-02-28,0.0175229471581988
2013-03-01,0.01914300909423794
2013-03-04,-0.027859675574835596
2013-03-05,0.02795304382845898
2013-03-06,0.020150660048747104
2013-03-07,-0.017679528926925037
2013-03-08,-0.01097108886372733
2013-03-11,0.0018518083707312893
2013-03-12,-0.028044105769785443
2013-03-13,-0.008502481612800539
2013-03-14,0.007818018214961642
2013-03-15,0.005554313662004651
2013-03-18,-0.009520660093474076
2013-03-19,-0.00023722259466674167
2013-03-20,0.030955440304121895
2013-03-21,0.01598707415955558
2013-03-22,0.0005806967649291117
2013-03-25,-0.003926321754089024
2013-03-26,-0.006046880157794421
2013-03-27,0.007157240626701977
2013-03-28,-0.025279412143199953
2013-03-29,-0.0006721535239432308
2013-04-01,0.007935752167197663
2013-04-02,-0.022578230483842554
2013-04-03,-0.012751099170878466
2013-04-08,0.013592807526006778
2013-04-09,0.006913178586687385
2013-04-10,-0.005843408152255369
2013-04-11,-0.0023029068797983943
2013-04-12,-0.00690766206580995
2013-04-15,-0.012557575173812507
2013-04-16,0.010493498160582648
2013-04-17,0.014510773877550287
2013-04-18,0.0074218701474040305
2013-04-19,0.02071130656674436
2013-04-22,0.011456819470526902
2013-04-23,-0.027001483606378218
2013-04-24,0.027742438468901787
2013-04-25,-0.017070252560754007
2013-04-26,-0.018489824843716196
2013-05-02,0.013372799956167691
2013-05-03,0.02073456189214884
2013-05-06,0.022344022723719048
2013-05-07,-0.00038285611659361063
2013-05-08,0.013189299047651426
2013-05-09,0.006489742262272946
2013-05-10,0.007723939006075264
2013-05-13,0.008196508639409128
2013-05-14,-0.013355771735357957
2013-05-15,0.020445743685801432
2013-05-16,0.005299209573789154
2013-05-17,0.014926529348457951
2013-05-20,0.0175060534841891
2013-05-21,0.017285400555562935
2013-05-22,-0.011690836248219982
2013-05-23,-0.0007767836442413856
2013-05-24,0.023591672287876397
2013-05-27,0.012980140096990223
2013-05-28,-0.016014894041433636
2013-05-29,0.014509880426444743
2013-05-30,0.0035374722895054056
2013-05-31,-0.004779900119778802
2013-06-03,-0.014118543744066181
2013-06-04,-0.024331220125345054
2013-06-05,0.008556980196103847
2013-06-06,-0.017235744431276512
2013-06-07,-0.017588919487340537
2013-06-13,-0.025505965419585164
2013-06-14,0.027336783394072306
2013-06-17,0.005430092841568257
2013-06-18,0.006878039414477399
2013-06-19,0.0006091862485422261
2013-06-20,-0.034445187256211485
2013-06-21,-0.008056826354494895
2013-06-24,-0.06210891045463507
2013-06-25,0.004449259382941273
2013-06-26,0.03538418742787175
2013-06-27,-0.02090970695998129
2013-06-28,-0.008172161911069509
2013-07-01,0.028957928043702674
2013-07-02,0.025298258266182483
2013-07-03,0.004950456440272921
2013-07-04,0.0013486547889975942
2013-07-05,-0.012946214381501897
2013-07-08,-0.03893386660450626
2013-07-09,0.004320873079842524
2013-07-10,0.029936510559329887
2013-07-11,0.02338030456471918
2013-07-12,-0.00017075827285251144
2013-07-15,0.030140122889761978
2013-07-16,0.014070179957615725
2013-07-17,-0.017856681020547938
2013-07-18,0.007549127046955206
2013-07-19,-0.022814658899054097
2013-07-22,0.027297126456132803
2013-07-23,0.025939042575819027
2013-07-24,0.014110985056784653
2013-07-25,-0.03139138091555793
2013-07-26,0.0011720281785008169
2013-07-29,-0.01584129764272113
2013-07-30,-0.006314577044137404
2013-07-31,0.006273659629286499
2013-08-01,0.03480051629506553
2013-08-02,0.00608460802096733
2013-08-05,0.015769776199790586
2013-08-06,0.011031119419738333
2013-08-07,-0.016285996578699224
2013-08-08,0.008409702712034006
2013-08-09,0.002358452039584291
2013-08-12,0.0059511880573661635
2013-08-13,0.005538337189678222
2013-08-14,0.0011316987782745702
2013-08-15,-0.009450245993458894
2013-08-16,-0.02531528014827311
2013-08-19,0.02891927097704694
2013-08-20,0.004688568251757674
2013-08-21,0.006407244969642623
2013-08-22,0.001899435365611657
2013-08-23,0.0007466211879638696
2013-08-26,0.017965570488595484
2013-08-27,0.004995156090142672
2013-08-28,-0.019708868093585186
2013-08-29,-0.0004909201307397026
2013-08-30,-0.024959823871298692
2013-09-02,0.012299072399664768
2013-09-03,0.020216012569559405
2013-09-04,-0.0003230298920310348
2013-09-05,0.006630458508275261
2013-09-06,0.005894177761564423
2013-09-09,0.0015197529846631141
2013-09-10,0.0015961574050920024
2013-09-11,-0.014619151807300002
2013-09-12,-0.00014047298129404862
2013-09-13,0.008239673304181183
2013-09-16,0.003058581345092959
2013-09-17,-0.01069554560540209
2013-09-18,0.007152522383558679
2013-09-23,0.024251766784077367
2013-09-24,0.005140148769898989
2013-09-25,-0.00716484967090425
2013-09-26,-0.010834486991141534
2013-09-27,0.00329906583838091
2013-09-30,0.011972141987913743
2013-10-08,0.020372623299034
2013-10-09,0.015253023071496674
2013-10-10,-0.007514625852172774
2013-10-11,0.013470985446075945
2013-10-14,0.006816979737335638
2013-10-15,-0.006933192088141138
2013-10-16,-0.027522790146513376
2013-10-17,0.0010630544308354306
2013-10-18,0.008167246954964291
2013-10-21,0.027842900038251184
2013-10-22,-0.011440468767518364
2013-10-23,-0.029035535984569205
2013-10-24,-0.0037279605236194557
2013-10-25,-0.01852669278653829
2013-10-28,-0.004163787663595042
2013-10-29,-0.025767985640655744
2013-10-30,0.018543384256733297
2013-10-31,-0.017417689239513034
2013-11-01,-0.007954851066970914
2013-11-04,0.007716864944202317
2013-11-05,0.01598830650515426
2013-11-06,-0.006365276738550474
2013-11-07,-0.016416032220823662
2013-11-08,-0.0181903497234277
2013-11-11,0.01187136238406139
2013-11-12,0.008881961897803992
2013-11-13,-0.010910718376640927
2013-11-14,0.02066980449029443
2013-11-15,0.02074160477529685
2013-11-18,0.024955531288730404
2013-11-19,0.004475088564112273
2013-11-20,0.011870656447240169
2013-11-21,-0.006537135143164008
2013-11-22,-0.005067130838362965
2013-11-25,0.004517809640270043
2013-11-26,0.011261739841210927
2013-11-27,0.017280213504437425
2013-11-28,0.009398595908650886
2013-11-29,0.0140128846722265
2013-12-02,-0.0651272053331603
2013-12-03,0.020309975868619157
2013-12-04,0.012248643222068312
2013-12-05,-0.002711250518506847
2013-12-06,-0.004895445591539649
2013-12-09,0.0147049271138322
2013-12-10,-0.0003884632382368247
2013-12-11,-0.008445497455014328
2013-12-12,0.006905608046119616
2013-12-13,0.002819473048973009
2013-12-16,-0.014467722145205197
2013-12-17,-0.0032633887927355776
2013-12-18,-0.001062440953034205
2013-12-19,-0.009115859595681175
2013-12-20,-0.011618960843158277
2013-12-23,-0.0015646780442392094
2013-12-24,0.013199914045915806
2013-12-25,0.01845002541759233
2013-12-26,-0.020488923065626552
2013-12-27,0.021477058810397187
2013-12-30,0.006719495741064341
2013-12-31,-0.002450211530414359
2014-01-02,0.017398061571064716
2014-01-03,-0.0018608112406971467
2014-01-06,-0.025355942467232273
2014-01-07,0.015525557771644882
2014-01-08,0.013856973499367431
2014-01-09,-0.017873188004001617
2014-01-10,-0.024738867180603363
2014-01-13,-0.006277984343802334
2014-01-14,0.026454411092676544
2014-01-15,0.013166763428019035
2014-01-16,-0.005148500114109722
2014-01-17,-0.0069222106825517216
2014-01-20,-0.00372284200580697
2014-01-21,0.018464773930645606
2014-01-22,0.0225463596538078
2014-01-23,0.013061583096388718
2014-01-24,0.011849989840687414
2014-01-27,-0.003593799330443348
2014-01-28,-0.0053473762219941046
2014-01-29,0.015914354546707088
2014-01-30,-0.006648139534970676
2014-02-07,0.027348749957622598
2014-02-10,0.029744660770509412
2014-02-11,0.0011826867338262659
2014-02-12,0.017176090043326875
2014-02-13,-0.02407438324995781
2014-02-14,0.01908087153242599
2014-02-17,0.02838344893243261
2014-02-18,0.004001104200834549
2014-02-19,-0.0030830163745980688
2014-02-20,-0.020640799605989635
2014-02-21,0.0009328979577032381
2014-02-24,0.015090499093406429
2014-02-25,-0.04600303082829482
2014-02-26,0.005731334798893428
2014-02-27,-0.01840911859355332
2014-02-28,0.013777039882602482
2014-03-03,0.025352467112506494
2014-03-04,-0.005433418274685575
2014-03-05,-0.0013972383787028697
2014-03-06,-0.0024529570426272684
2014-03-07,-0.00010581242889062814
2014-03-10,-0.04031101528390457
2014-03-11,-0.00673966526267733
2014-03-12,-0.006930015549789892
2014-03-13,0.014633109494640362
2014-03-14,-0.000208014164861825
2014-03-17,0.025830819996955467
2014-03-18,0.0055630467251372995
2014-03-19,-0.0021430915578521947
2014-03-20,-0.03306725867308791
2014-03-21,0.01545929910363708
2014-03-24,-0.0036496776263966746
2014-03-25,-4.7581540119079335e-06
2014-03-26,0.005778622537140343
2014-03-27,-0.025522330105566815
2014-03-28,-0.026980422500838874
2014-03-31,-0.007326872626096992
2014-04-01,0.020938891262364923
2014-04-02,-0.00929519192990269
2014-04-03,0.00406602658379418
2014-04-04,0.013198477407717624
2014-04-08,0.009459966716427903
2014-04-09,0.012106235154051737
2014-04-10,0.006680584397589895
2014-04-11,-0.005744475682334493
2014-04-14,0.011140488136293314
2014-04-15,-0.007009508387771368
2014-04-16,-0.0006041987605325261
2014-04-17,-0.0005285815796186588
2014-04-18,0.006332960852919012
2014-04-21,-0.017150723103844467
2014-04-22,-0.010542937968837873
2014-04-23,-0.0033129739271066105
2014-04-24,-0.01068111574304409
2014-04-25,-0.02428870118938653
2014-04-28,-0.03903995691670359
2014-04-29,0.01525079300033827
2014-04-30,0.00810772165961815
2014-05-05,0.012293440234533604
2014-05-06,0.011652088609573896
2014-05-07,-0.019756584385232423
2014-05-08,-0.003307630961790431
2014-05-09,-0.013327220056609135
2014-05-12,0.024412892097425587
2014-05-13,2.836314528109618e-05
2014-05-14,-7.100365326495606e-05
2014-05-15,-0.01971068358095096
2014-05-16,-0.005662616077942384
2014-05-19,-0.0029336265488186797
2014-05-20,0.008912517840634626
2014-05-21,0.01373206933844151
2014-05-22,0.0008940438925761907
2014-05-23,0.01710064336075723
2014-05-26,0.016145613639641176
2014-05-27,-0.0036248854263016828
2014-05-28,0.02213240645909753
2014-05-29,-0.010361451544690925
2014-05-30,0.004989961939176668
2014-06-03,-0.005067922901008881
2014-06-04,-0.006522959196675893
2014-06-05,0.010891865161365644
2014-06-06,-0.0016768620480684948
2014-06-09,-0.007039361643038755
2014-06-10,0.016302068282367577
2014-06-11,0.009107936775067271
2014-06-12,0.0024385522369541057
2014-06-13,0.01572691058161202
2014-06-16,0.008106783502357606
2014-06-17,-0.008548289450480917
2014-06-18,-0.010943319440861354
2014-06-19,-0.030134024106778345
2014-06-20,0.013535299356161934
2014-06-23,0.017630648490861045
2014-06-24,0.008312780461541047
2014-06-25,0.0013407442751567356
2014-06-26,0.02199681285740329
2014-06-27,0.006350092751964409
2014-06-30,0.008701547717928193
2014-07-01,0.005453371195639489
2014-07-02,0.004428550630003691
2014-07-03,0.007242369135331828
2014-07-04,-0.00085499030143521
2014-07-07,0.0003579163507227978
2014-07-08,0.012184286317537651
2014-07-09,-0.015521665256716055
2014-07-10,-0.0020385643564956313
2014-07-11,0.009446384313176015
2014-07-14,0.013111313646065437
2014-07-15,-0.007415612188134468
2014-07-16,-0.017864637272842376
2014-07-17,-0.004316170394900842
2014-07-18,-0.002571548148142977
2014-07-21,-0.0009157242943109711
2014-07-22,0.01426869915100859
2014-07-23,-0.014932234298030922
2014-07-24,-0.00749560877501132
2014-07-25,0.006745645742414208
2014-07-28,0.01590254380652878
2014-07-29,0.012597275533255736
2014-07-30,0.007961561391803595
2014-07-31,0.004871352306568655
2014-08-01,-0.011348571823369569
2014-08-04,0.01083949821449548
2014-08-05,0.010047105131990808
2014-08-06,0.0022730653277573953
2014-08-07,-0.004430719723373722
2014-08-08,0.006823804734151562
2014-08-11,0.01766066224201568
2014-08-12,0.0072152720537039805
2014-08-13,-0.0025111779029313164
2014-08-14,-0.0032140784959360236
2014-08-15,0.010985864695391534
2014-08-18,0.016305213810685837
2014-08-19,0.0053111629953697115
2014-08-20,-0.0018054957915436542
2014-08-21,-7.116127612061263e-06
2014-08-22,0.0087336064996959
2014-08-25,-0.007514994480977477
2014-08-26,-0.019224408497356515
2014-08-27,0.007124425972935056
2014-08-28,-0.008361479179696207
2014-08-29,0.013173199620522213
2014-09-01,0.022838238758268403
2014-09-02,0.016361129347719272
2014-09-03,0.0060843874220677385
2014-09-04,0.008561739989782602
2014-09-05,0.004891306971949616
2014-09-09,0.007226396716221384
2014-09-10,0.004011320187668144
2014-09-11,-0.002272482956006683
2014-09-12,0.012622739473770794
2014-09-15,0.013803048274809937
2014-09-16,-0.034738106631415744
2014-09-17,0.006687015907700156
2014-09-18,0.00980225717308536
2014-09-19,0.01322212174722881
2014-09-22,-0.0077791527222077494
2014-09-23,0.014073403118188166
2014-09-24,0.014876804788724662
2014-09-25,0.003560342341158984
2014-09-26,0.007536058675601698
2014-09-29,0.009407123577373167
2014-09-30,0.007854161228126655
2014-10-08,0.014342883318064548
2014-10-09,0.0012796391228826476
2014-10-10,-0.007883414788817045
2014-10-13,-0.003227078252997173
2014-10-14,-0.002693147324155598
2014-10-15,0.00552292488448014
2014-10-16,-0.011730754919282105
2014-10-17,-0.0020089192332473083
2014-10-20,0.013725066071748504
2014-10-21,-0.006724063759374954
2014-10-22,-0.012764817153125385
2014-10-23,-0.012373080793520175
2014-10-24,0.00046811508600130836
2014-10-27,0.011179429530998597
2014-10-28,0.02571412211415347
2014-10-29,0.014297672773947445
2014-10-30,-0.0009107582660947688
2014-10-31,-0.007705528354530644
2014-11-03,0.012221480801694495
2014-11-04,-0.0037239563927199404
2014-11-05,-0.0017342879356211371
2014-11-06,0.016274290304039818
2014-11-07,-0.012086220631222444
2014-11-10,0.00353919743822817
2014-11-11,-0.034672490151755664
2014-11-12,0.015168698748960319
2014-11-13,-0.023467323457141198
2014-11-14,-0.004697768904058153
2014-11-17,0.013442869498895504
2014-11-18,0.0035291531286334443
2014-11-19,0.007674582806835417
2014-11-20,-0.004988606524177097
2014-11-21,0.010011589057824732
2014-11-24,0.008577945688044597
2014-11-25,0.013984649072134703
2014-11-26,0.007085295662335733
2014-11-27,0.0038570708862224468
2014-11-28,-0.001005975523781566
2014-12-01,-0.013934852474255854
2014-12-02,0.013301960492941856
2014-12-03,0.008153762509163887
2014-12-04,0.010232471852138048
2014-12-05,-0.024556345295246418
2014-12-08,-6.484871863610131e-05
2014-12-09,-0.047551768679648054
2014-12-10,0.033257071681740635
2014-12-11,0.011237095486234416
2014-12-12,0.014442857597777525
2014-12-15,0.01876721126824732
2014-12-16,-0.005254683867391141
2014-12-17,-0.011730974904972435
2014-12-18,0.0010099926720317232
2014-12-19,-0.017029022557304874
2014-12-22,-0.05053504053125568
2014-12-23,-0.012550617947355458
2014-12-24,0.022902762713220337
2014-12-25,0.008462441556359446
2014-12-26,-0.0020723559638254896
2014-12-29,-0.0269067507171592
2014-12-30,-0.013886837622102854
2014-12-31,0.008599790117345352
2015-01-05,-0.0009519734023005766
2015-01-06,0.027485187576028025
2015-01-07,-0.006720641122109572
2015-01-08,0.003184568208480787
2015-01-09,-0.004690647809917348
2015-01-12,-0.00553816399065532
2015-01-13,0.021603491145999465
2015-01-14,-0.003088442561020033
2015-01-15,0.0022319631241844995
2015-01-16,0.015985640534661893
2015-01-19,-0.016885464505138614
2015-01-20,0.04328650995430117
2015-01-21,0.01835757015936812
2015-01-22,0.01462122698171009
2015-01-23,-0.016045506819699296
2015-01-26,0.017970513391044163
2015-01-27,0.0054634480131947605
2015-01-28,-0.0020163609916649117
2015-01-29,-0.006421053593184456
2015-01-30,-0.013524153270629169
2015-02-02,0.0003122970200644115
2015-02-03,0.019602822892584193
2015-02-04,0.0022411986970081177
2015-02-05,0.0014124975792726424
2015-02-06,-0.015950930473081604
2015-02-09,-0.010420105164102411
2015-02-10,0.015721191555173153
2015-02-11,0.019171388594146466
2015-02-12,0.006429354698364698
2015-02-13,0.017826012215345965
2015-02-16,0.0262340811197872
2015-02-17,0.005168548707681131
2015-02-25,-0.0018647188547166182
2015-02-26,0.0007380419177414055
2015-02-27,0.013518419240937884
2015-03-02,0.02749187847791279
2015-03-03,-0.005952672360205025
2015-03-04,0.021520015163778883
2015-03-05,0.0015386858095898237
2015-03-06,-0.0195663680246575
2015-03-09,0.021689468963715264
2015-03-10,0.015920432149061803
2015-03-11,-0.0025484546338394587
2015-03-12,-0.005327320734485719
2015-03-13,0.0185630574293707
2015-03-16,0.03739431805996607
2015-03-17,0.008265324115078299
2015-03-18,0.021308028684930536
2015-03-19,0.007767357581869971
2015-03-20,0.016378237948912355
2015-03-23,0.03715055523512678
2015-03-24,0.018477581464106496
2015-03-25,0.015838776326950965
2015-03-26,-0.028374041592640897
2015-03-27,0.007378019206518482
2015-03-30,-0.004737574939383982
2015-03-31,0.008810103852025852
2015-04-01,0.03295795882197239
2015-04-02,0.022866013590738588
2015-04-03,0.01634950099166277
2015-04-07,0.017694072592853383
2015-04-08,-0.019687426777673545
2015-04-09,-0.015887026385873804
2015-04-10,0.027466779705419997
2015-04-13,0.024473162565082918
2015-04-14,0.000852081723797582
2015-04-15,-0.04560541276101926
2015-04-16,0.008843480794040515
2015-04-17,0.005281994854314576
2015-04-20,-0.022744890941026608
2015-04-21,0.041998097675768786
2015-04-22,0.029304141615805746
2015-04-23,0.014537491425254512
2015-04-24,0.011700920184926078
2015-04-27,0.0007388114836677229
2015-04-28,-0.03688844476924824
2015-04-29,0.02733313718101571
2015-04-30,0.005840220477953517
2015-05-04,0.0021230414942214892
2015-05-05,-0.022552936592401207
2015-05-06,0.006588123697951032
2015-05-07,-0.010669091805698416
2015-05-08,0.052782156778565126
2015-05-11,0.05048691980659403
2015-05-12,0.019189776977206918
2015-05-13,0.01468415660374367
2015-05-14,0.008808215528519181
2015-05-15,0.0019174405719180054
2015-05-18,0.029505446716391104
2015-05-19,0.022210253335590124
2015-05-20,0.024171329345938686
2015-05-21,0.04346896820541768
2015-05-22,-0.0015079777735761413
2015-05-25,0.010554691686363915
2015-05-26,0.04271341090496472
2015-05-27,0.015020859358133354
2015-05-28,-0.054727606809076734
2015-05-29,0.020480787677580325
2015-06-01,0.05322531924357832
2015-06-02,0.04134693694794822
2015-06-03,0.004940640267002472
2015-06-04,-0.010769946835420874
2015-06-05,0.0031153048556671337
2015-06-08,-0.03341319793641684
2015-06-09,0.00012781415076190683
2015-06-10,0.024434842440324678
2015-06-11,0.013651674320225515
2015-06-12,0.01909976968368654
2015-06-15,-0.03091036671424352
2015-06-16,-0.03209082900034854
2015-06-17,0.022515895198256475
2015-06-18,-0.033965730818153794
2015-06-19,-0.0627564522226628
2015-06-23,0.005359174906127473
2015-06-24,0.018829680215755706
2015-06-25,-0.0400938971344853
2015-06-26,-0.07802646131596824
2015-06-29,-0.0682702360495614
2015-06-30,0.04473790677972023
2015-07-01,-0.0523175997246873
2015-07-02,-0.06276745265852657
2015-07-03,-0.05705192792418856
2015-07-06,-0.03772046052987732
2015-07-07,-0.0610733699411411
2015-07-08,-0.022438056509161974
2015-07-09,0.038355678775460644
2015-07-10,0.042503633657636763
2015-07-13,0.05237177172549945
2015-07-14,0.030155997240985277
2015-07-15,-0.04130309514207664
2015-07-16,0.013019698344538977
2015-07-17,0.05640564029954187
2015-07-20,0.02087219224782899
2015-07-21,0.01688037244891727
2015-07-22,0.013752669016258379
2015-07-23,0.034431103297275056
2015-07-24,-0.010159234423644414
2015-07-27,-0.07137518713545854
2015-07-28,-0.03494773644120741
2015-07-29,0.048430753701443896
2015-07-30,-0.026810237100587275
2015-07-31,-0.014330472433808583
2015-08-03,-0.04062259390639622
2015-08-04,0.061578823383991343
2015-08-05,-0.004691238858307578
2015-08-06,-0.0027118718782531692
2015-08-07,0.03709701137935206
2015-08-10,0.046786621434326436
2015-08-11,0.004931276885951075
2015-08-12,-0.014766426792743315
2015-08-13,0.025554764729141866
2015-08-14,-0.0018067355842857902
2015-08-17,0.004536988468648584
2015-08-18,-0.07253542139618452
2015-08-19,0.02601857510180161
2015-08-20,-0.03013571983882357
2015-08-21,-0.05831122428573343
2015-08-24,-0.07850410394537977
2015-08-25,-0.07246334783927988
2015-08-26,-0.037663422391975954
2015-08-27,0.031714016495208774
2015-08-28,0.05937434570477862
2015-08-31,-0.03896622998257859
2015-09-01,-0.0628466366318664
2015-09-02,-0.03104103308586803
2015-09-07,0.012511483042316973
2015-09-08,0.04268192565531659
2015-09-09,0.03351853487974332
2015-09-10,-0.02148574644199852
2015-09-11,0.006752990918121871
2015-09-14,-0.07398578211484474
2015-09-15,-0.06005101104831467
2015-09-16,0.06298085106690765
2015-09-17,-0.012933526552384889
2015-09-18,0.012724989237191009
2015-09-21,0.043850495374807785
2015-09-22,0.002291310291039572
2015-09-23,-0.004524432030558523
2015-09-24,0.012654507681580718
2015-09-25,-0.04437093672395864
2015-09-28,0.03405760697820526
2015-09-29,-0.013108868025558884
2015-09-30,0.0035628608732665157
2015-10-08,0.047482450076002936
2015-10-09,0.01728196294340356
2015-10-12,0.04375905875207997
2015-10-13,0.016758092712038097
2015-10-14,-0.014064712645800892
2015-10-15,0.03494720114824679
2015-10-16,0.012037715253455872
2015-10-19,0.00501362346530132
2015-10-20,0.022584076895991068
2015-10-21,-0.06711217017660176
2015-10-22,0.04416466649978168
2015-10-23,0.04009762573167586
2015-10-26,0.011337751648732963
2015-10-27,0.008747397990967576
2015-10-28,-0.025515800516376363
2015-10-29,0.007359279019780951
2015-10-30,0.0015605679059147448
2015-11-02,-0.02344323796769998
2015-11-03,0.00014211296134791773
2015-11-04,0.05774779271802255
2015-11-05,-0.0035476706798582835
2015-11-06,0.029101328087863365
2015-11-09,0.02541082477997758
2015-11-10,0.008531367125865108
2015-11-11,0.021803576158286653
2015-11-12,0.009902392883736955
2015-11-13,-0.03215636822194201
2015-11-16,0.029745055325177017
2015-11-17,-0.011189305615207812
2015-11-18,-0.02553645482406941
2015-11-19,0.03961767684313644
2015-11-20,0.01760602458024918
2015-11-23,-0.010600069045601512
2015-11-24,0.02351527743634052
2015-11-25,0.02049799211722969
2015-11-26,-0.01074390392971325
2015-11-27,-0.06586807964585473
2015-11-30,0.012346936763439453
2015-12-01,-0.012227189061267407
2015-12-02,-0.017346886795398198
2015-12-03,0.03023011004245002
2015-12-04,-0.0003075929190323734
2015-12-07,0.01666221507441734
2015-12-08,-0.015188138878042157
2015-12-09,0.0006000293527872458
2015-12-10,0.0027203927349226387
2015-12-11,-0.009430485626772955
2015-12-14,0.017297040632258565
2015-12-15,0.018173040062490875
2015-12-16,0.01046817721387372
2015-12-17,0.030604465674918035
2015-12-18,-0.0005793755904374143
2015-12-21,0.007074598875238758
2015-12-22,0.010232998545872674
2015-12-23,-0.011900511190854557
2015-12-24,0.004443979360301942
2015-12-25,0.010322908492396587
2015-12-28,-0.019569878114822803
2015-12-29,0.011045618601554175
2015-12-30,0.01571162573491547
2015-12-31,-0.015691105671816086
2016-01-04,-0.0877928536888074
2016-01-05,-0.030269410638072536
2016-01-06,0.025636859670856937
2016-01-07,-0.08723697064103919
2016-01-08,0.001268193560866937
2016-01-11,-0.07355504779719446
2016-01-12,-0.00029135939132196587
2016-01-13,-0.04640807076540676
2016-01-14,0.045202469800589506
2016-01-15,-0.03318670442898841
2016-01-18,0.02312699536941798
2016-01-19,0.04157485345164469
2016-01-20,-0.010052032608361738
2016-01-21,-0.04467680026862886
2016-01-22,0.016132790075160663
2016-01-25,0.013592471315588606
2016-01-26,-0.07584087800809769
2016-01-27,-0.01175780615545019
2016-01-28,-0.051234742404912215
2016-01-29,0.040060577576557455
2016-02-01,-0.011317754928358736
2016-02-02,0.04181389499428301
2016-02-03,0.007232197321293432
2016-02-04,0.021435931904404626
2016-02-05,-0.013439644302775777
2016-02-15,0.003241214207298615
2016-02-16,0.046053797435305244
2016-02-17,0.015333966740964655
2016-02-18,-0.00683132927361596
2016-02-19,0.011727549167523721
2016-02-22,0.01970924416074915
2016-02-23,-0.008406238592973625
2016-02-24,0.0031878517846493093
2016-02-25,-0.08098006646100242
2016-02-26,-0.009917695729545706
2016-02-29,-0.07230333880736217
2016-03-01,0.02259603917992825
2016-03-02,0.046796870504092425
2016-03-03,0.00148828686575464
2016-03-04,-0.046019077556162746
2016-03-07,0.024291634107572957
2016-03-08,0.011350890241383471
2016-03-09,-0.01676833157841906
2016-03-10,-0.01833938876004082
2016-03-11,-0.0030251100663146735
2016-03-14,0.04407464755842727
2016-03-15,-0.005404500212434105
2016-03-16,-0.005701018362739174
2016-03-17,0.04636143148434613
2016-03-18,0.04145689115308593
2016-03-21,0.025544043749126555
2016-03-22,0.0013699876248631782
2016-03-23,0.012887195020308218
2016-03-24,-0.014508578103974101
2016-03-25,0.00960420783057292
2016-03-28,-0.0076687600338373185
2016-03-29,-0.019324610036402734
2016-03-30,0.04778751474331466
2016-03-31,0.0015451021035035595
2016-04-01,-0.008754463515819433
2016-04-05,0.03459279932326331
2016-04-06,0.009101265100412759
2016-04-07,-0.013447671510007697
2016-04-08,-0.004988818031329556
2016-04-11,0.023513237928192376
2016-04-12,-0.014032970962474911
2016-04-13,0.015183986994729448
2016-04-14,0.013449909204027888
2016-04-15,0.001291179843474044
2016-04-18,-0.01224509962152287
2016-04-19,0.004151194876141462
2016-04-20,-0.048978159470640215
2016-04-21,-0.019731180907790358
2016-04-22,0.017860473805534793
2016-04-25,-0.004676088512576171
2016-04-26,0.012590764280163924
2016-04-27,-0.004548557430707145
2016-04-28,0.0014824454035200496
2016-04-29,-5.762298568223745e-05
2016-05-03,0.03568048677008018
2016-05-04,0.0036260859837664583
2016-05-05,0.006025655011146602
2016-05-06,-0.0416290940998153
2016-05-09,-0.03737444153931713
2016-05-10,-0.003919640899374355
2016-05-11,-0.015173916930061648
2016-05-12,-0.0018527634013840721
2016-05-13,-0.002990510664485524
2016-05-16,0.02367388913599422
2016-05-17,-5.701937504642984e-05
2016-05-18,-0.0333360325396489
2016-05-19,0.009823178231896268
2016-05-20,0.014688562465386745
2016-05-23,0.02292326052556959
2016-05-24,-0.01158616253378253
2016-05-25,-0.0008447838264200591
2016-05-26,0.008744651491108923
2016-05-27,-0.0019359538865438841
2016-05-30,-0.006800923168374107
2016-05-31,0.04359024883796381
2016-06-01,0.01077962534821797
2016-06-02,0.010830877908640346
2016-06-03,0.005181559817353687
2016-06-06,0.003941707900956937
2016-06-07,0.003770875923478023
2016-06-08,-0.0007091367093551293
2016-06-13,-0.05625524975031149
2016-06-14,0.0023174344906691235
2016-06-15,0.04008709720407988
2016-06-16,0.0032646685132762254
2016-06-17,0.007360917977531578
2016-06-20,0.012355901091251953
2016-06-21,-0.016686564483732957
2016-06-22,0.020437446600739095
2016-06-23,0.0006780416190648175
2016-06-24,-0.006647718040719286
2016-06-27,0.029646935463860213
2016-06-28,0.007594120753440015
2016-06-29,-0.0008843068874286875
2016-06-30,-0.00014092796986964196
2016-07-01,-0.005989057097532835
2016-07-04,0.018387094007680238
2016-07-05,0.0019133708190062215
2016-07-06,0.003963832867480033
2016-07-07,-0.0015943277077750118
2016-07-08,0.0011955398351013447
2016-07-11,-0.009768360314291513
2016-07-12,0.012116255378952445
2016-07-13,0.0066661907252201225
2016-07-14,0.003630721961074279
2016-07-15,-0.006881756971849673
2016-07-18,-0.0036924681876867593
2016-07-19,0.005937200651800367
2016-07-20,0.0013927722476325677
2016-07-21,0.004457006577752054
2016-07-22,-0.010068816254034663
2016-07-25,0.0010274925180555616
2016-07-26,0.012864550442132971
2016-07-27,-0.051633218857501606
2016-07-28,-0.005844357026924096
2016-07-29,-0.009986745269185526
2016-08-01,-0.016493624113817607
2016-08-02,0.009152151935931885
2016-08-03,0.0019571135858851285
2016-08-04,0.008441864973274038
2016-08-05,-0.007246063986297013
2016-08-08,0.010008259465839053
2016-08-09,0.011084220029282665
2016-08-10,-0.0031492635913749067
2016-08-11,-0.02007509328226742
2016-08-12,0.007671697200578365
2016-08-15,0.024056900202051645
2016-08-16,0.005094483537123384
2016-08-17,0.003680012197104343
2016-08-18,-0.0034959793732430855
2016-08-19,0.0016884843577076314
2016-08-22,-0.009775432144463525
2016-08-23,0.0014574116002490367
2016-08-24,0.005520721922244842
2016-08-25,-0.004458145601958563
2016-08-26,0.0043272155381601785
2016-08-29,0.0025446251507574846
2016-08-30,-0.0010087927557478338
2016-08-31,-0.0008475690520064472
2016-09-01,-0.00478071609529418
2016-09-02,-0.004747386703600198
2016-09-05,0.005885950376645521
2016-09-06,0.01757066173999844
2016-09-07,-0.0020004193084159905
2016-09-08,0.004851009492192082
2016-09-09,-0.007763939170596035
2016-09-12,-0.03369171694096473
2016-09-13,0.004312959496400204
2016-09-14,-0.004477598855941789
2016-09-19,0.01273211555550402
2016-09-20,-0.0004577741563083215
2016-09-21,0.0021191146872827638
2016-09-22,0.005314029413733934
2016-09-23,-0.004064300127902265
2016-09-26,-0.023292228336099785
2016-09-27,0.0105800095488362
2016-09-28,-0.000435670824530221
2016-09-29,0.0033949807228250695
2016-09-30,0.005576838321644129
2016-10-10,0.022376327212267233
2016-10-11,0.002437711830101996
2016-10-12,0.002297695546123135
2016-10-13,-0.00010914739253475858
2016-10-14,-0.002067195302968061
2016-10-17,-0.011995207920494244
2016-10-18,0.01442392923962732
2016-10-19,-0.001009309603834052
2016-10-20,0.004985360283778828
2016-10-21,-0.003890970473306443
2016-10-24,0.007419708505634004
2016-10-25,0.00301856065188999
2016-10-26,-0.0031285553012921907
2016-10-27,-0.00016044828493111396
2016-10-28,-0.010658990247644384
2016-10-31,-0.0005351386507940203
2016-11-01,0.011756747692863279
2016-11-02,-0.009397430718317001
2016-11-03,0.0041128825822933646
2016-11-04,-0.004267665399229403
2016-11-07,0.0036361488607099535
2016-11-08,0.006233416450894369
2016-11-09,-0.008743386908191542
2016-11-10,0.01372988305356504
2016-11-11,-0.00018770497670506092
2016-11-14,0.0031410862330545353
2016-11-15,0.004666537135428195
2016-11-16,0.0018934343446090907
2016-11-17,-0.004451881128141211
2016-11-18,-0.0008811705223153998
2016-11-21,0.0005491709667571065
2016-11-22,0.009872645652557965
2016-11-23,-0.005193516031731349
2016-11-24,-0.005180749013971808
2016-11-25,0.0037540872888868204
2016-11-28,-0.002855083324751151
2016-11-29,-0.008909121227783756
2016-11-30,0.0009884030763365192
2016-12-01,0.0028327505081779947
2016-12-02,-0.016927186735425703
2016-12-05,-0.005226629980220054
2016-12-06,-0.000501099460824217
2016-12-07,0.009158019115587557
2016-12-08,-0.007652092336584815
2016-12-09,-0.004202885523393984
2016-12-12,-0.05187420554933142
2016-12-13,0.0008715029562895715
2016-12-14,-0.007849421402125967
2016-12-15,0.00875757008886624
2016-12-16,0.009707353727272716
2016-12-19,-0.002753392582990233
2016-12-20,0.00015201380347207305
2016-12-21,0.007572902428654382
2016-12-22,-0.00029714618673315485
2016-12-23,-0.009849822100563177
2016-12-26,0.007087424419234045
2016-12-27,0.0008080457253689666
2016-12-28,-0.003889077609724345
2016-12-29,-0.0031728848097652973
2016-12-30,0.002205843581057465
2017-01-03,0.007950635833902986
2017-01-04,0.010448088275843759
2017-01-05,0.00047067342923212685
2017-01-06,-0.008677052281751974
2017-01-09,0.003119638860447971
2017-01-10,-0.003285579601602695
2017-01-11,-0.007959636684690241
2017-01-12,-0.00536984064757029
2017-01-13,-0.01167807147133082
2017-01-16,-0.03839147492475137
2017-01-17,0.011883361226759481
2017-01-18,-0.005066383072903524
2017-01-19,-0.0038842089669931523
2017-01-20,0.015135441262939864
2017-01-23,0.005742401459754243
2017-01-24,-0.007508879416252001
2017-01-25,0.004900121669147772
2017-01-26,0.006221366386528482
2017-02-03,-0.002342483154768815
2017-02-06,0.013412569706306332
2017-02-07,-0.0029449749747924026
2017-02-08,0.0073074235318273395
2017-02-09,0.0069525543001172085
2017-02-10,-0.004898485693981103
2017-02-13,0.006533542720777996
2017-02-14,-0.0030793149463989034
2017-02-15,-0.010142577247274742
2017-02-16,0.006222117464444343
2017-02-17,-0.010133757031204227
2017-02-20,0.009923149061981551
2017-02-21,0.00936282790086107
2017-02-22,0.004020163767006979
2017-02-23,0.0003317944123695238
2017-02-24,0.003209223774672809
2017-02-27,-0.007472449973770168
2017-02-28,0.002415943641959295
2017-03-01,0.00030735661623748634
2017-03-02,-0.006043719634860167
2017-03-03,0.006246110549483319
2017-03-06,0.01581697861631981
2017-03-07,0.005257732890452171
2017-03-08,-0.006083428710067618
2017-03-09,-0.003783076056341317
2017-03-10,0.00032014809447344916
2017-03-13,0.008789777517592245
2017-03-14,-0.002568826325813567
2017-03-15,0.0010932045075906505
2017-03-16,0.010677709830188231
2017-03-17,-0.008671080254303742
2017-03-20,0.002633730096799347
2017-03-21,0.002777978507265244
2017-03-22,-0.003253064924641058
2017-03-23,0.0007547613491241112
2017-03-24,0.00403061421087636
2017-03-27,-0.0047610049145804245
2017-03-28,-0.003376246928479487
2017-03-29,-0.01101694978283907
2017-03-30,-0.018154767700101937
2017-03-31,0.004836150041013454
2017-04-05,0.02070479856384022
2017-04-06,0.0020249893210935177
2017-04-07,0.00026619912578307314
2017-04-10,-0.010907551906036095
2017-04-11,0.006948092998783073
2017-04-12,-0.011348515808147663
2017-04-13,0.0034824170915981334
2017-04-14,-0.015526481768777467
2017-04-17,-0.013549841780549077
2017-04-18,-0.010044619603226446
2017-04-19,-0.009190723803675138
2017-04-20,-0.0015122920413493945
2017-04-21,-0.005817715104504462
2017-04-24,-0.02671927597504542
2017-04-25,0.0018870833528583653
2017-04-26,0.0035160259048638842
2017-04-27,0.004592564833802548
2017-04-28,0.005242466299655302
2017-05-02,-0.0013615804547578714
2017-05-03,-0.0003509075524067429
2017-05-04,-0.002446244208873516
2017-05-05,-0.012566143908283256
2017-05-08,-0.016037331869660387
2017-05-09,0.004202104082438263
2017-05-10,-0.018305958748551565
2017-05-11,-0.007347678532356183
2017-05-12,-0.004380713423688065
2017-05-15,0.006925694959852402
2017-05-16,0.025115428921492988
2017-05-17,0.0001471893658426815
2017-05-18,-0.006032691269964863
2017-05-19,-0.000715038454670136
2017-05-22,-0.016001672492512276
2017-05-23,-0.028398970222753284
2017-05-24,0.006303265079668163
2017-05-25,0.007354753719824858
2017-05-26,0.001607326179084989
2017-05-31,-0.0035911681516662686
2017-06-01,-0.025360067910369266
2017-06-02,0.010218411219104384
2017-06-05,0.009577314465916142
2017-06-06,0.0070595897000940155
2017-06-07,0.0205117384493545
2017-06-08,-0.0015813078413242643
2017-06-09,0.0042550021277074634
2017-06-12,-0.02124967368172248
2017-06-13,0.018075246071720175
2017-06-14,0.0002415196525267227
2017-06-15,0.017244566644390114
2017-06-16,-0.006145002061856419
2017-06-19,0.00969555351097795
2017-06-20,-0.0006862289255042953
2017-06-21,0.0008110219258112839
2017-06-22,-0.021479855274229354
2017-06-23,0.0013364585205331014
2017-06-26,0.013228843911017751
2017-06-27,0.0016417351958506465
2017-06-28,-0.009596881885830966
2017-06-29,0.006024309072160117
2017-06-30,0.0005080800468759694
2017-07-03,0.009603537008005425
2017-07-04,-0.0020828412341037383
2017-07-05,0.01171118837995011
2017-07-06,0.0015882280280976602
2017-07-07,0.002887534440816575
2017-07-10,-0.007506053038278004
2017-07-11,-0.01372432099489429
2017-07-12,-0.0007377572172655444
2017-07-13,-0.0026877990674842867
2017-07-14,-0.007540962056746592
2017-07-17,-0.06008570415863346
2017-07-18,0.006252599152046567
2017-07-19,0.010061984506212651
2017-07-20,0.001738208694181509
2017-07-21,-0.00014470946170919152
2017-07-24,0.0053672615041249205
2017-07-25,-0.0024355068408299374
2017-07-26,-0.00044719859936726003
2017-07-27,0.0247069208675752
2017-07-28,-0.004456112183823802
2017-07-31,0.005083451023421226
2017-08-01,0.0008479672132402083
2017-08-02,-0.013704251978170157
2017-08-03,0.0033273578165413653
2017-08-04,-0.006253237850553761
2017-08-07,0.005466723342520297
2017-08-08,0.006167907572986797
2017-08-09,-0.00024706320835798934
2017-08-10,-0.009275660388484153
2017-08-11,-0.010274609943773272
2017-08-14,0.026889254299949705
2017-08-15,0.006258909425734593
2017-08-16,0.011461742785802365
2017-08-17,0.01232489908841572
2017-08-18,-0.004147645749894346
2017-08-21,0.010874401968049785
2017-08-22,-0.008171920693962442
2017-08-23,-0.0032016514077736202
2017-08-24,-0.008676979214063851
2017-08-25,0.012608094316077123
2017-08-28,0.017086826611028227
2017-08-29,-0.0031794990928486477
2017-08-30,0.005309036447951332
2017-08-31,0.00557349638637783
2017-09-01,0.010415760081527337
2017-09-04,0.014382990765900772
2017-09-05,0.002271483796391971
2017-09-06,0.0077605496721087075
2017-09-07,-0.004482503343674282
2017-09-08,0.0005814906320094071
2017-09-11,0.011305096325797681
2017-09-12,-0.0029080890744048737
2017-09-13,0.0007302211463682262
2017-09-14,-0.003740097578846968
2017-09-15,-0.005749136565005086
2017-09-18,0.011128033783317504
2017-09-19,-0.00418588945298437
2017-09-20,0.01377879178215502
2017-09-21,-0.007831757730424771
2017-09-22,-0.0033573252067514714
2017-09-25,-0.016512839010306313
2017-09-26,-0.0017275166146836218
2017-09-27,0.012380449967282603
2017-09-28,-0.004282510424110986
2017-09-29,0.007852955431996378
2017-10-09,0.017610342581561023
2017-10-10,0.009420855722802823
2017-10-11,-0.01101727808816566
2017-10-12,0.0028649676411807157
2017-10-13,0.00588406120918572
2017-10-16,-0.021542145640440435
2017-10-17,-0.0020760285643464105
2017-10-18,-0.011704813212971676
2017-10-19,-0.009572968017417471
2017-10-20,0.008600988486387129
2017-10-23,0.006069911022427599
2017-10-24,-0.006716648399304526
2017-10-25,0.010446788579231647
2017-10-26,0.0075111097389546355
2017-10-27,-0.00893705703618608
2017-10-30,-0.02155089218793671
2017-10-31,0.008251429495835572
2017-11-01,0.0047076621204862334
2017-11-02,-0.009101608587686605
2017-11-03,-0.006283934842669536
2017-11-06,0.01649490936115483
2017-11-07,0.007689610297429761
2017-11-08,0.000560100221306703
2017-11-09,0.011386988234552087
2017-11-10,0.003973736975164899
2017-11-13,0.010658205683463207
2017-11-14,-0.0063913928048277
2017-11-15,-0.01398499457833191
2017-11-16,-0.0006566113339019353
2017-11-17,-0.03855977535478439
2017-11-20,0.012821509899374917
2017-11-21,0.0019383819227680732
2017-11-22,-0.0017802591709984439
2017-11-23,-0.03021611770945687
2017-11-24,-0.005692546822049893
2017-11-27,-0.019722230610854097
2017-11-28,0.019355392926119208
2017-11-29,-0.005951626046092229
2017-11-30,-0.004991787453709207
2017-12-01,0.012060246827127363
2017-12-04,-0.013695479699949775
2017-12-05,-0.03287435689347895
2017-12-06,0.014334268278376028
2017-12-07,-0.0016842737055221546
2017-12-08,0.010797595037376206
2017-12-11,0.014237349984911107
2017-12-12,-0.01004658582738649
2017-12-13,0.010836528457866201
2017-12-14,0.0002140701427189029
2017-12-15,-0.0009272226425808272
2017-12-18,-0.011079384211921783
2017-12-19,0.009954149274008506
2017-12-20,-0.009009084201968887
2017-12-21,0.0038004121679882097
2017-12-22,-0.007778371101929249
2017-12-25,-0.014832643053847905
2017-12-26,0.0070273371832372256
2017-12-27,-0.007783263200422996
2017-12-28,-0.0002585781000769005
2017-12-29,0.013181395718247169
2018-01-02,0.010439129190181973
2018-01-03,0.00660731832437822
2018-01-04,-0.00010816671694546809
2018-01-05,-0.002024889864642776
2018-01-08,-0.0016809982342910201
2018-01-09,-0.00028693823570513644
2018-01-10,-0.005762661593847196
2018-01-11,0.009138203238323594
2018-01-12,-0.011042342599730026
2018-01-15,-0.028972497187114366
2018-01-16,0.0003984038992568273
2018-01-17,0.0008957423035098611
2018-01-18,0.0010408945594391206
2018-01-19,-0.004270186428105172
2018-01-22,0.013258233097697358
2018-01-23,0.000570358627303813
2018-01-24,0.011800727147799117
2018-01-25,-0.005761084545636397
2018-01-26,-0.004139819263855982
2018-01-29,-0.020494465301125753
2018-01-30,0.0008209680495028238
2018-01-31,-0.027261042997234086
2018-02-01,-0.04120676783777921
2018-02-02,-0.002031087171115109
2018-02-05,-0.009503300678549764
2018-02-06,-0.05617963360729705
2018-02-07,0.004697975947108413
2018-02-08,0.01914581694142159
2018-02-09,-0.02700336954260074
2018-02-12,0.03180395812125325
2018-02-13,0.0037019708622747505
2018-02-14,0.0013265454433470936
2018-02-22,0.020652043249173246
2018-02-23,0.0026803687565224443
2018-02-26,0.029509395991245135
2018-02-27,0.0031647744269640565
2018-02-28,0.004212809159247044
2018-03-01,0.023368376141867264
2018-03-02,-0.005573647588108077
2018-03-05,0.014077922231997997
2018-03-06,0.006438887121728021
2018-03-07,-0.006723236669457844
2018-03-08,0.008690904744753647
2018-03-09,0.02366191143449159
2018-03-12,0.018214751289701292
2018-03-13,-0.0071230605835576055
2018-03-14,-0.015677987716242847
2018-03-15,-0.003980996218104771
2018-03-16,-0.0027958842725608335
2018-03-19,0.008779329560425708
2018-03-20,0.005312550943456618
2018-03-21,-0.008140691400289057
2018-03-22,-0.0013661316725293027
2018-03-23,-0.05921147364505719
2018-03-26,0.02651472669174626
2018-03-27,0.030425955925098336
2018-03-28,-0.004876282383007191
2018-03-29,0.007491593326188761
2018-03-30,0.026856186522122627
2018-04-02,0.008293066078008282
2018-04-03,-0.008711558255433904
2018-04-04,-0.010638701761809033
2018-04-09,0.0025852466140141583
2018-04-10,-0.00332124230419939
2018-04-11,0.005513078951432826
