2006-01-25,-0.01999731358912704
2006-02-06,0.03658280746509113
2006-02-07,-0.012421660493952102
2006-02-08,0.003808276015648371
2006-02-09,-0.0024559507639374534
2006-02-10,0.01359521871800129
2006-02-13,0.015021415899185264
2006-02-14,0.013138115985945387
2006-02-15,-0.007198557539702
2006-02-16,-0.03404933333157534
2006-02-17,-0.01722929512487248
2006-02-20,-0.03029896899341622
2006-02-21,0.027419459946419922
2006-02-22,-0.006760967055271183
2006-02-23,-0.008365578811598051
2006-02-24,0.020704345456925788
2006-02-27,-0.013307523458375492
2006-02-28,0.011000261392350108
2006-03-01,0.02350495516064388
2006-03-02,-0.027247997109916877
2006-03-03,0.004623398599367778
2006-03-06,-0.0016829740973470786
2006-03-07,-0.03148959035899701
2006-03-08,0.005969286847733679
2006-03-09,-0.003955672464318938
2006-03-10,0.0020785741182378636
2006-03-13,0.0050503785278748214
2006-03-14,0.0017611714745768836
2006-03-15,0.01618168530667141
2006-03-16,0.0017755527789709014
2006-03-17,-0.004987597349631834
2006-03-20,0.009510741783115062
2006-03-21,0.003510940577504451
2006-03-22,0.014271749349284324
2006-03-23,0.016898097077139518
2006-03-24,-0.01020654911838792
2006-03-27,0.01228118393952049
2006-03-28,0.008738633407792129
2006-03-29,0.00368980392599938
2006-03-30,-0.012764867017736936
2006-03-31,0.010092148620923114
2006-04-03,0.02880993992063785
2006-04-04,0.018971909053592473
2006-04-05,0.01908042293121759
2006-04-06,-0.007296221366573152
2006-04-07,-0.0034066377155680394
2006-04-10,0.022252447800670483
2006-04-11,0.00046584375797031896
2006-04-12,5.528550973021851e-06
2006-04-13,-0.02774580108875002
2006-04-14,0.030681331400836953
2006-04-17,0.0246727333470238
2006-04-18,-0.011104570330540797
2006-04-19,0.008973975833060033
2006-04-20,-0.008241217961478253
2006-04-21,0.01680923238201526
2006-04-24,-0.023355203505569633
2006-04-25,-0.013245351616387069
2006-04-26,0.03564102200255781
2006-04-27,-0.012477466690019035
2006-04-28,0.03856954383865174
2006-05-08,0.015458722816979575
2006-05-09,0.03721990972588851
2006-05-10,0.02295262780565821
2006-05-11,-0.006200267396976655
2006-05-12,0.04699908159783517
2006-05-15,0.05336834437099802
2006-05-16,-0.053080033958629924
2006-05-17,-0.0015988389458051477
2006-05-18,0.026803408202306978
2006-05-19,0.06801017639455487
2006-05-22,0.006505327090521762
2006-05-23,-0.07010576835603488
2006-05-24,-0.024359385074554152
2006-05-25,0.0170937728602778
2006-05-26,0.03231497974343567
2006-05-29,0.02092980447306103
2006-05-30,0.007765140958561734
2006-05-31,0.0032238112827143173
2006-06-01,0.05232705584445041
2006-06-02,0.014063794805539098
2006-06-05,0.03247347188154226
2006-06-06,-0.03817948119939585
2006-06-07,-0.0779858121248832
2006-06-08,0.014225062349951578
2006-06-09,0.01174407438494307
2006-06-12,0.024134044767976537
2006-06-13,0.004844446395005475
2006-06-14,0.0021889127919672013
2006-06-15,0.005478642935925704
2006-06-16,0.02946229558388347
2006-06-19,-0.006264349642619349
2006-06-20,0.009723489260125895
2006-06-21,-0.007886275505854079
2006-06-22,-0.013688306335864153
2006-06-23,-0.0007526922433009897
2006-06-26,0.010547455102326797
2006-06-27,0.008121215132917747
2006-06-28,-0.0020904639889010035
2006-06-29,0.016832839596981897
2006-06-30,-0.01469495871279669
2006-07-03,0.0042467707734321625
2006-07-04,-0.007494481344579196
2006-07-05,0.00014524752786893025
2006-07-06,0.027461284566027144
2006-07-07,-0.012707914877975068
2006-07-10,0.01054495490104812
2006-07-11,0.015155216735871724
2006-07-12,-0.010783350486110566
2006-07-13,-0.053454499077542295
2006-07-14,0.00892508594236685
2006-07-17,0.006690625897556313
2006-07-18,-0.0020080677073182063
2006-07-19,-0.017272264181606878
2006-07-20,0.0052354153474287735
2006-07-21,0.011443917935947345
2006-07-24,-0.006260891751086128
2006-07-25,0.007601484169152961
2006-07-26,-0.004550143261260575
2006-07-27,-0.012265207865859384
2006-07-28,-0.01733999722337931
2006-07-31,-0.05551160151264689
2006-08-01,-0.008576678276088212
2006-08-02,-0.0004868348392691457
2006-08-03,-0.011788349117886399
2006-08-04,-0.03315244012346508
2006-08-07,-0.0158348640860142
2006-08-08,0.021747343186463874
2006-08-09,-0.004095482347790225
2006-08-10,0.012057208636301775
2006-08-11,0.01581841583057475
2006-08-14,-0.026806522037144287
2006-08-15,0.014094123410173465
2006-08-16,0.016325961538959932
2006-08-17,-0.012677981314511921
2006-08-18,-0.01210627989380264
2006-08-21,0.010714311856955705
2006-08-22,0.015193417323909886
2006-08-23,0.003055373809392803
2006-08-24,0.016543049318241687
2006-08-25,0.005524226838127255
2006-08-28,0.01567499545241735
2006-08-29,0.02590432458062919
2006-08-30,-0.0017676785744095147
2006-08-31,0.0026863159866381547
2006-09-01,-0.0032481101536322443
2006-09-04,0.02765300829255568
2006-09-05,-0.016067179194919734
2006-09-06,-0.0033168805341430296
2006-09-07,-0.005146295596994976
2006-09-08,0.008346383249820288
2006-09-11,0.0005154690366260262
2006-09-12,0.0008758458908268985
2006-09-13,-0.00952386799287086
2006-09-14,-0.009997830600923518
2006-09-15,0.007614672801685263
2006-09-18,0.01077766577430328
2006-09-19,0.007509176042891363
2006-09-20,0.004036841754488929
2006-09-21,0.01291634782096529
2006-09-22,0.006490965259375425
2006-09-25,0.0056526525695774765
2006-09-26,-0.01729168252972424
2006-09-27,0.0005279943730089887
2006-09-28,0.012092481024492008
2006-09-29,0.009094445419352892
2006-10-09,0.01715272953473268
2006-10-10,-0.000137489749648112
2006-10-11,0.009766239749912753
2006-10-12,-0.020248623401337262
2006-10-13,-0.0027870828457667862
2006-10-16,-0.010203818421992139
2006-10-17,-0.0040526459928685865
2006-10-18,0.008627175902483852
2006-10-19,0.008581147690954971
2006-10-20,-0.009943158742163893
2006-10-23,-0.02910715864723279
2006-10-24,0.01965304947838198
2006-10-25,0.004562228212701136
2006-10-26,-0.007762593073660451
2006-10-27,-0.00944969761244785
2006-10-30,-0.011122515072425454
2006-10-31,0.005911459205225622
2006-11-01,-0.0029453914210961774
2006-11-02,-0.013253686150605737
2006-11-03,0.003946745852533962
2006-11-06,-0.011172895346596712
2006-11-07,0.005061357864639682
2006-11-08,0.005868734055467506
2006-11-09,0.01120133392395184
2006-11-10,-0.023529715568159526
2006-11-13,-0.02881699439113916
2006-11-14,0.010296002649750058
2006-11-15,0.026408782868251546
2006-11-16,0.0026999296729195432
2006-11-17,0.004369203401274335
2006-11-20,-0.010753651633457095
2006-11-21,0.009444817451154996
2006-11-22,0.021966382684780017
2006-11-23,0.0020472688216799373
2006-11-24,0.005022644551700761
2006-11-27,0.01481042408083555
2006-11-28,0.01338244304927505
2006-11-29,0.011251840731170137
2006-11-30,0.011879806502378853
2006-12-01,0.0038250439117319956
2006-12-04,0.016941869610005655
2006-12-05,-0.008582087629529944
2006-12-06,-0.008409930969006774
2006-12-07,-0.012392761250650253
2006-12-08,-0.019387632799048427
2006-12-11,0.018184253693746877
2006-12-12,0.009754548261337481
2006-12-13,0.02245504779051144
2006-12-14,0.014697610479856182
2006-12-15,0.009036036321736995
2006-12-18,0.0191275779487039
2006-12-19,0.004884066135140364
2006-12-20,0.02840906300994983
2006-12-21,-0.016508998542153264
2006-12-22,-0.01012094810106312
2006-12-25,0.01225975125746559
2006-12-26,-0.010917786936608165
2006-12-27,0.000495153981458607
2006-12-28,-0.014116940491791685
2006-12-29,0.021246869252709244
2007-01-04,-0.0072630502298499655
2007-01-05,0.03289161893775461
2007-01-08,0.02272650028652179
2007-01-09,0.010725480861377035
2007-01-10,0.017594352679219938
2007-01-11,0.0067935762720015
2007-01-12,-0.024856757101690663
2007-01-15,0.054904414480091646
2007-01-16,0.04462057276853604
2007-01-17,-0.003957527080375778
2007-01-18,0.0398269983055457
2007-01-19,0.04860664744061105
2007-01-22,0.05462374847156193
2007-01-23,-0.020845884352246102
2007-01-24,0.008858781260344228
2007-01-25,-0.040560333449967234
2007-01-26,0.0027883062607010345
2007-01-29,0.015446808999345363
2007-01-30,0.01503904433737735
2007-01-31,-0.046768132153152786
2007-02-01,0.01668087748156233
2007-02-02,-0.01404642582942961
2007-02-05,-0.004013337626319835
2007-02-06,0.0014556968612104981
2007-02-07,0.005476583578303051
2007-02-08,0.0069789765115195745
2007-02-09,0.0020893178572847226
2007-02-12,0.030628516412432027
2007-02-13,0.013134594421687185
2007-02-14,0.012433393628901168
2007-02-15,0.02194031531804308
2007-02-16,0.005997116098799271
2007-02-26,0.008526501451466606
2007-02-27,-0.09398937007425656
2007-02-28,0.024442905958774075
2007-03-01,-0.02359762840751245
2007-03-02,0.01801703974059854
2007-03-05,0.0038400109389036263
2007-03-06,0.007647490239627963
2007-03-07,0.032689019673616704
2007-03-08,0.01846999198234789
2007-03-09,-0.008339350577908244
2007-03-12,0.010841119027896529
2007-03-13,-0.00041551928929572934
2007-03-14,-0.00719444112880574
2007-03-15,0.022767348716132618
2007-03-16,-0.0072996051785877425
2007-03-19,0.005477182676738135
2007-03-20,0.008407440664087495
2007-03-21,0.009147024362722522
2007-03-22,0.0037577858974640055
2007-03-23,0.018775377218359868
2007-03-26,0.018813919862706863
2007-03-27,-0.0012387629171360937
2007-03-28,-0.006404293875969969
2007-03-29,-0.011743930195789676
2007-03-30,0.009853130038212088
2007-04-02,0.015578544771122305
2007-04-03,0.016155251294598827
2007-04-04,0.0032805810635256893
2007-04-05,0.008499356889181575
2007-04-06,0.01684369613262482
2007-04-09,0.012505501984656275
2007-04-10,0.01330587791335347
2007-04-11,0.006434184650675023
2007-04-12,0.027800773803176915
2007-04-13,0.008736057270424036
2007-04-16,0.03686622257634231
2007-04-17,0.007466850625346799
2007-04-18,0.008455996905780916
2007-04-19,-0.053498130328935245
2007-04-20,0.03766111251707249
2007-04-23,0.023615140982906402
2007-04-24,-0.004363103878492258
2007-04-25,-0.008204361319662734
2007-04-26,0.00791663928346753
2007-04-27,-0.01997764917684086
2007-04-30,0.015292529809003863
2007-05-08,0.02312267922481137
2007-05-09,-0.0004293605775621545
2007-05-10,-0.005744048845011229
2007-05-11,-0.011648145761213757
2007-05-14,0.01414847068012759
2007-05-15,-0.02873734122931859
2007-05-16,0.020363189130427672
2007-05-17,0.031135572299827885
2007-05-18,0.02043573861076431
2007-05-21,0.021432974087481682
2007-05-22,0.004868687931397275
2007-05-23,0.0210635102045722
2007-05-24,-0.014358788159967273
2007-05-25,0.0204615804418824
2007-05-28,0.02601538139500481
2007-05-29,0.027533756991199754
2007-05-30,-0.078476100948345
2007-05-31,0.006978106867044698
2007-06-01,-0.04393874264706987
2007-06-04,-0.06781600774764407
2007-06-05,0.016370743367123408
2007-06-06,0.0221743456809389
2007-06-07,0.043968725949846243
2007-06-08,0.010636810224981419
2007-06-11,0.032801082804274184
2007-06-12,0.025643163819519366
2007-06-13,0.026801039866644727
2007-06-14,-8.48090510148225e-05
2007-06-15,0.007056631122898782
2007-06-18,0.025999426811948778
2007-06-19,0.00832509214440269
2007-06-20,-0.028518366044568588
2007-06-21,-0.0069907282101221435
2007-06-22,-0.053865439189506814
2007-06-25,-0.042063100039756884
2007-06-26,0.019336363183045435
2007-06-27,0.03180735409507829
2007-06-28,-0.05822098207589488
2007-06-29,-0.03202665364605373
2007-07-02,0.009388990718016021
2007-07-03,0.022673246221486698
2007-07-04,-0.02140369751705773
2007-07-05,-0.045961562775143516
2007-07-06,0.047376608615817384
2007-07-09,0.02070874391985411
2007-07-10,-0.030810911620874015
2007-07-11,0.004898258865433824
2007-07-12,0.01893659334873221
2007-07-13,0.00017330140986304698
2007-07-16,-0.013266512087591553
2007-07-17,0.016369205423744537
2007-07-18,-0.0006325280997074856
2007-07-19,0.008674195648757266
2007-07-20,0.04493655473725955
2007-07-23,0.03592227611844123
2007-07-24,-0.003192237294848188
2007-07-25,0.012986426263475126
2007-07-26,0.009946084645579
2007-07-27,0.005789105955157137
2007-07-30,0.018375409104806062
2007-07-31,0.01814877387993974
2007-08-01,-0.0388894002017065
2007-08-02,0.033859740429042606
2007-08-03,0.020741386198107836
2007-08-06,0.019638213830914797
2007-08-07,0.006146031105016325
2007-08-08,-0.02328613732010698
2007-08-09,0.006316524844027338
2007-08-10,-0.02360582854735893
2007-08-13,-0.005015922965646791
2007-08-14,0.008786357812404999
2007-08-15,0.0009240329194926122
2007-08-16,0.006724950988592715
2007-08-17,-0.010805437982831734
2007-08-20,0.03404967525888636
2007-08-21,0.012682260351208674
2007-08-22,0.023620261642778306
2007-08-23,0.01730510519109818
2007-08-24,0.008028916736949387
2007-08-27,-0.01303502240113874
2007-08-28,-0.010665250460790143
2007-08-29,-0.005047240228331251
2007-08-30,0.02666582333722123
2007-08-31,0.02733122575331226
2007-09-03,0.0036929237347327337
2007-09-04,-0.007385892556602824
2007-09-05,-0.0015784404897580817
2007-09-06,0.004481967104372098
2007-09-07,-0.025449696487760187
2007-09-10,0.009146039110390136
2007-09-11,-0.044798841148192214
2007-09-12,0.014144258105617036
2007-09-13,0.016794907573042916
2007-09-14,0.004937798193640042
2007-09-17,0.007032712802275354
2007-09-18,-0.011018509081397898
2007-09-19,-0.019747634136546788
2007-09-20,0.004209644798553569
2007-09-21,-0.009873286842470796
2007-09-24,0.0004533353910258775
2007-09-25,0.02724400748801359
2007-09-26,-0.017082255491679965
2007-09-27,0.017494432606934396
2007-09-28,0.026946588079312495
2007-10-08,0.0022595158722154007
2007-10-09,0.011905859604818048
2007-10-10,0.010611623586908925
2007-10-11,-0.010490106312416536
2007-10-12,-0.013903431130296351
2007-10-15,-0.009996371005628002
2007-10-16,0.003689146282616962
2007-10-17,0.005181909000910201
2007-10-18,-0.026813160030951577
2007-10-19,0.02062864066003689
2007-10-22,-0.028130320800731412
2007-10-23,-0.0012986662341951671
2007-10-24,-0.00109893690655527
2007-10-25,-0.047127396823234746
2007-10-26,0.003887836783461829
2007-10-29,0.007495419237012246
2007-10-30,-0.001994050209447762
2007-10-31,0.021542694241851956
2007-11-01,-0.024784572002514493
2007-11-02,-0.027000313504720874
2007-11-05,0.01250079782100677
2007-11-06,0.008800968653384533
2007-11-07,-3.3502445396127456e-05
2007-11-08,-0.027029097472231034
2007-11-09,-0.019113355573761592
2007-11-12,-0.026262887629788456
2007-11-13,0.007792723874475493
2007-11-14,0.03588246489540414
2007-11-15,-0.01349800827112646
2007-11-16,-0.0018077609822167995
2007-11-19,0.025445907252237276
2007-11-20,0.01015696765021934
2007-11-21,0.0004903408744008075
2007-11-22,-0.03713262657208127
2007-11-23,0.02017524011702676
2007-11-26,-0.008204170848650216
2007-11-27,-0.01610442930834799
2007-11-28,-0.01243572600705345
2007-11-29,0.025840947394295988
2007-11-30,-0.015587143132338444
2007-12-03,0.004979082959393422
2007-12-04,0.009190709043067846
2007-12-05,0.029606162295158667
2007-12-06,0.008507863498629753
2007-12-07,0.00559315399009086
2007-12-10,0.04198321189814469
2007-12-11,0.015620762010456701
2007-12-12,0.005087087177676475
2007-12-13,-0.03361991542188525
2007-12-14,0.020395945255171855
2007-12-17,0.02445980333828257
2007-12-18,-0.019443220598317823
2007-12-19,0.009736948574952553
2007-12-20,0.009564859608131693
2007-12-21,0.010811417553499902
2007-12-24,0.02568883192405913
2007-12-25,0.014232542718960906
2007-12-26,0.0325453281186141
2007-12-27,0.003337684384236095
2007-12-28,0.0027025764754995407
2008-01-02,0.024529256221628826
2008-01-03,0.0033064575597330226
2008-01-04,-0.005298216809416112
2008-01-07,0.004955113121633659
2008-01-08,-0.01991510374478167
2008-01-09,0.020099008972539245
2008-01-10,0.0012082806252395883
2008-01-11,0.0034026012587056176
2008-01-14,0.01508677879429543
2008-01-15,0.01045895652142037
2008-01-16,-0.011556554311193623
2008-01-17,-0.015422051226432143
2008-01-18,0.0004892549574546656
2008-01-21,-0.03111329417687736
2008-01-22,-0.06909315474811883
2008-01-23,0.052003492404399054
2008-01-24,0.02283705050235918
2008-01-25,-0.0050444771967260715
2008-01-28,-0.055028392200101695
2008-01-29,0.0038371928773586195
2008-01-30,0.0031403127970583977
2008-01-31,-0.03549750041406252
2008-02-01,-0.025784562029892655
2008-02-04,0.07497188293588719
2008-02-05,0.0021970615828112994
2008-02-13,-0.012525063650402735
2008-02-14,0.015477803882105734
2008-02-15,0.0032980507885502774
2008-02-18,0.03353836421795653
2008-02-19,0.019003116315192026
2008-02-20,-0.011841090205945148
2008-02-21,0.010539124156447421
2008-02-22,-0.02207483121469711
2008-02-25,-0.0367436374461686
2008-02-26,-0.01011111133445497
2008-02-27,0.01287028052767858
2008-02-28,0.0013012978060709113
2008-02-29,0.016733207060089406
2008-03-03,0.03224722825765869
2008-03-04,-0.008228270804018223
2008-03-05,-0.006404541174592326
2008-03-06,0.0011675533425228313
2008-03-07,-0.0072727050056971
2008-03-10,-0.0312646446243241
2008-03-11,-0.0022590747545631062
2008-03-12,-0.024276641596332693
2008-03-13,-0.03892704410786152
2008-03-14,-0.004341719838989455
2008-03-17,-0.06660594166118494
2008-03-18,-0.07058456477055974
2008-03-19,0.030258244129019785
2008-03-20,0.030756412449560733
2008-03-21,0.025208164361886443
2008-03-24,-0.024379225799128657
2008-03-25,0.0042359878596978096
2008-03-26,0.004663257959223177
2008-03-27,-0.03244833762926003
2008-03-28,0.021580145714026333
2008-03-31,-0.031030966762197076
2008-04-01,-0.06868567863884356
2008-04-02,-0.044302559141370934
2008-04-03,0.030964395688598323
2008-04-07,0.05350761999636755
2008-04-08,0.01666348335574197
2008-04-09,-0.04145554627177361
2008-04-10,0.020633743968226037
2008-04-11,0.012546292765459821
2008-04-14,-0.049158717666150875
2008-04-15,0.021229013705535538
2008-04-16,-0.01754522049961793
2008-04-17,-0.03526839594930342
2008-04-18,-0.03704989631331723
2008-04-21,-0.01405712380570634
2008-04-22,-0.023843153719309673
2008-04-23,0.050546403554821984
2008-04-24,0.0890030957658936
2008-04-25,-0.006125451509376267
2008-04-28,-0.015338369672423968
2008-04-29,0.009034321251503163
2008-04-30,0.0461745978664132
2008-05-05,0.03598610062515073
2008-05-06,-0.0072256491471297535
2008-05-07,-0.0337250963764304
2008-05-08,0.029941004019017115
2008-05-09,0.006005599595725553
2008-05-12,0.023259528209031766
2008-05-13,0.014144519967923985
2008-05-14,0.009518265654651747
2008-05-15,-0.0156242069596364
2008-05-16,-0.01479602428445237
2008-05-19,0.0028140621655312614
2008-05-20,-0.04840424477892946
2008-05-21,0.014373617990732557
2008-05-22,-0.012311607887087628
2008-05-23,-0.011721979874956157
2008-05-26,-0.033296296728174135
2008-05-27,0.0062030538376307565
2008-05-28,0.026625921842722056
2008-05-29,-0.01699762434449492
2008-05-30,0.0012623528041690868
2008-06-02,0.003929736339669532
2008-06-03,-0.00784727836439969
2008-06-04,-0.014082445979784808
2008-06-05,-0.0063206019522284995
2008-06-06,-0.00469581113412465
2008-06-10,-0.08329939571035705
2008-06-11,-0.018930811414310522
2008-06-12,-0.019276698738308506
2008-06-13,-0.04277651923590564
2008-06-16,-0.016008726489556646
2008-06-17,-0.027896428879007118
2008-06-18,0.04910181678612835
2008-06-19,-0.07646333240390235
2008-06-20,0.016187979948180997
2008-06-23,-0.028700961874522313
2008-06-24,0.028799447770038178
2008-06-25,0.05426819893919599
2008-06-26,0.01712231650857121
2008-06-27,-0.0575415021098602
2008-06-30,-0.0013769996240348137
2008-07-01,-0.012611384330720177
2008-07-02,0.007911813501821907
2008-07-03,0.04737049266361981
2008-07-04,-0.0034628778657670445
2008-07-07,0.04767062588466975
2008-07-08,0.018870674152978273
2008-07-09,0.025030918497099597
2008-07-10,-0.009693001498779497
2008-07-11,-0.01663996821321123
2008-07-14,0.013507937018997884
2008-07-15,-0.03011922120999244
2008-07-16,-0.031530872661600484
2008-07-17,-0.005704593157896065
2008-07-18,0.021402008789818794
2008-07-21,0.039785453843824925
2008-07-22,0.0017576144753694845
2008-07-23,-0.011994458914353245
2008-07-24,0.020843347958597436
2008-07-25,-0.00438123468739593
2008-07-28,0.006293566757134883
2008-07-29,-0.013216794262602694
2008-07-30,-0.0031282346119664295
2008-07-31,-0.025453791024108052
2008-08-01,0.009330755845138095
2008-08-04,-0.027567253870490638
2008-08-05,-0.027583574552605405
2008-08-06,0.0045351934815272
2008-08-07,-0.0031814035962710596
2008-08-08,-0.04816728641978818
2008-08-11,-0.05046353558813377
2008-08-12,-0.009135731027651639
2008-08-13,0.007545933496880153
2008-08-14,0.010160016758067547
2008-08-15,0.00031409024454776
2008-08-18,-0.049708979495421746
2008-08-19,0.01322669142861832
2008-08-20,0.06917287543585493
2008-08-21,-0.03583330665242179
2008-08-22,-0.02611964427717961
2008-08-25,-0.0032359846034251127
2008-08-26,-0.03788932226103825
2008-08-27,-0.018333850551500053
2008-08-28,-0.004443566138157995
2008-08-29,0.021141948615695183
2008-09-01,-0.04848903065067289
2008-09-02,-0.020365685667194877
2008-09-03,-0.021437166584467038
2008-09-04,0.0125520833511783
2008-09-05,-0.03069326228295577
2008-09-08,-0.042955183104462336
2008-09-09,0.0033875380765189256
2008-09-10,0.001843823228537378
2008-09-11,-0.011532803701760463
2008-09-12,0.01280939174294593
2008-09-16,-0.01185941661963863
2008-09-17,-0.021460098031412134
2008-09-18,-0.03509906989488942
2008-09-19,0.09712962880230847
2008-09-22,0.036023923649974865
2008-09-23,-0.06469728164577726
2008-09-24,0.003891703217616449
2008-09-25,0.028762674989198267
2008-09-26,0.004414315885415965
2008-10-06,-0.04288846968808302
2008-10-07,0.0015112334034845798
2008-10-08,-0.02900489950358176
2008-10-09,-0.015581906821181324
2008-10-10,-0.06015231851478475
2008-10-13,0.010224005242702061
2008-10-14,-0.031024881617341626
2008-10-15,-0.018595713934081326
2008-10-16,-0.0501022177047622
2008-10-17,0.0036884323624526427
2008-10-20,0.027516920606024398
2008-10-21,0.011177538342238336
2008-10-22,-0.007449992713785991
2008-10-23,0.006354320955573423
2008-10-24,-0.01021194223575661
2008-10-27,-0.06157249612269611
2008-10-28,0.033410847648925435
2008-10-29,-0.025308215216671925
2008-10-30,0.016859907248200745
2008-10-31,-0.004346278227851275
2008-11-03,-0.0009627358964187094
2008-11-04,-0.0166319523398063
2008-11-05,0.029178736990872922
2008-11-06,-0.020716520282445305
2008-11-07,-0.0008167689080853524
2008-11-10,0.06564061539196309
2008-11-11,-0.01253881750021768
2008-11-12,-0.003825209109976746
2008-11-13,0.04407624069432714
2008-11-14,0.05606401753592394
2008-11-17,0.04443437889253765
2008-11-18,-0.07254583973866624
2008-11-19,0.06598645594490504
2008-11-20,-0.008041270673141754
2008-11-21,-0.023413610453287603
2008-11-24,-0.021922190542845277
2008-11-25,0.004085047281203957
2008-11-26,0.00043923971891879354
2008-11-27,0.02780630189930222
2008-11-28,0.012474826143050288
2008-12-01,0.02717173620405333
2008-12-02,0.020045945954123567
2008-12-03,0.04155615713445093
2008-12-04,0.00679944451030301
2008-12-05,0.01997876352517003
2008-12-08,0.03996975722581819
2008-12-09,-0.013815873904775233
2008-12-10,0.024693189945742988
2008-12-11,-0.0352108796683428
2008-12-12,-0.04580283429504528
2008-12-15,0.011780265108816357
2008-12-16,0.02703019515669136
2008-12-17,0.014888328057000244
2008-12-18,0.015743906192983603
2008-12-19,0.01572064496188763
2008-12-22,0.008067655282111064
2008-12-23,-0.05720323756283752
2008-12-24,-0.02297914215868868
2008-12-25,0.007613716322037334
2008-12-26,0.009163652592854232
2008-12-29,-0.0009894839860196125
2008-12-30,0.004114772332921568
2008-12-31,-0.004210562915058613
2009-01-05,0.02878711168684256
2009-01-06,0.012007387908646194
2009-01-07,0.0037497296109920697
2009-01-08,-0.02021552985703956
2009-01-09,0.02765873791258011
2009-01-12,0.010023228032917553
2009-01-13,-0.0323010073572364
2009-01-14,0.038221849825903265
2009-01-15,0.0027635077025705
2009-01-16,0.0015506171325745388
2009-01-19,-0.0010904262593136593
2009-01-20,0.011358484083878073
2009-01-21,-0.02060833305938481
2009-01-22,0.013159994747980353
2009-01-23,-0.006299812070980404
2009-02-02,0.02213683220316498
2009-02-03,0.01963383935286811
2009-02-04,0.01684057016512197
2009-02-05,-0.020877187950208542
2009-02-06,0.0401243259691586
2009-02-09,0.0366469963824243
2009-02-10,0.018457811571978677
2009-02-11,0.0011138454459842517
2009-02-12,0.00829540596515077
2009-02-13,0.03217119855184292
2009-02-16,0.006549539062663312
2009-02-17,-0.02931027833235278
2009-02-18,-0.0383761140398039
2009-02-19,0.020004354442219707
2009-02-20,0.02943283784474815
2009-02-23,0.025801448151800743
2009-02-24,-0.04450074691609751
2009-02-25,-0.005693287922177714
2009-02-26,-0.05973667104784641
2009-02-27,-0.029199685588700452
2009-03-02,0.01852579761628781
2009-03-03,0.0023198426005892614
2009-03-04,0.05734774624620198
2009-03-05,0.0001859961737098459
2009-03-06,-0.0015728282229249269
2009-03-09,-0.03844613664447327
2009-03-10,0.017575697227433906
2009-03-11,-0.010004693464425007
2009-03-12,-0.0007390749845650468
2009-03-13,0.0012071466690719568
2009-03-16,0.01034071662802849
2009-03-17,0.03558058835330913
2009-03-18,0.011972670796757345
2009-03-19,0.019577696474659012
2009-03-20,-0.0018195074228170016
2009-03-23,0.01858717619164918
2009-03-24,0.007214878117778989
2009-03-25,-0.01963217280549523
2009-03-26,0.020175485747185862
2009-03-27,0.008332430291263071
2009-03-30,-0.0014784472344633315
2009-03-31,0.010871306838872608
2009-04-01,0.018397370828276527
2009-04-02,0.017259820418841
2009-04-03,-0.003493283761433541
2009-04-07,0.0055340943897828065
2009-04-08,-0.02899807334155069
2009-04-09,0.013893345278221725
2009-04-10,0.037535889340200024
2009-04-13,0.022297251045907185
2009-04-14,0.01571863805283069
2009-04-15,0.004889681040107341
2009-04-16,-0.0003075096757015894
2009-04-17,-0.01524173111478666
2009-04-20,0.028207684920230403
2009-04-21,-5.194313798972949e-05
2009-04-22,-0.0466988301940654
2009-04-23,0.006005950460157061
2009-04-24,0.0035982564780170367
2009-04-27,-0.037082260412867996
2009-04-28,0.0028166109857854504
2009-04-29,0.020938980063742507
2009-04-30,0.012140728483889474
2009-05-04,0.02915271849217782
2009-05-05,0.0067161809622380275
2009-05-06,0.023663527830083853
2009-05-07,-0.005042853493362198
2009-05-08,-0.011386294124064555
2009-05-11,-0.03643215901128827
2009-05-12,0.020639532013625006
2009-05-13,0.014590017603304917
2009-05-14,-0.0017695786453045814
2009-05-15,0.010027400204158265
2009-05-18,0.003169091417589698
2009-05-19,0.005373146146747221
2009-05-20,0.000965513426238962
2009-05-21,-0.018280926869969738
2009-05-22,-0.0039349464801001766
2009-05-25,0.005935316450027317
2009-05-26,0.0026930338936124176
2009-05-27,-0.0005197328729736883
2009-06-01,0.014166937872809315
2009-06-02,0.0025051373468778504
2009-06-03,0.0024724749656652723
2009-06-04,-0.0025155552820833593
2009-06-05,-0.001971862118727241
2009-06-08,-0.0112493421163532
2009-06-09,0.011341338120198774
2009-06-10,0.011854501863679978
2009-06-11,-0.003981487137623918
2009-06-12,-0.020617742409476447
2009-06-15,0.019618126592967577
2009-06-16,0.0016868671194911755
2009-06-17,0.009322645614517455
2009-06-18,0.009002292509272536
2009-06-19,-0.00848890859235163
2009-06-22,-0.002909062807052387
2009-06-23,-0.006323665373053511
2009-06-24,0.013962109974394954
2009-06-25,0.0006064733995365668
2009-06-26,-0.0006909926590039639
2009-06-29,0.0006912414962871871
2009-06-30,-0.0015558778663331552
2009-07-01,0.007893718276801742
2009-07-02,0.011810596636918635
2009-07-03,-0.0007422281766265026
2009-07-06,-0.001288338991695226
2009-07-07,0.0038499626892725125
2009-07-08,0.007602878304599603
2009-07-09,0.023358470194731806
2009-07-10,-0.0001735913594138605
2009-07-13,0.007378043407550328
2009-07-14,0.016893313256082454
2009-07-15,-8.899113784188728e-05
2009-07-16,-0.006076362891003773
2009-07-17,0.001883398143486259
2009-07-20,0.02251691029305758
2009-07-21,-0.030022427432101706
2009-07-22,0.013157439139397376
2009-07-23,0.0038743827139526843
2009-07-24,-0.010781536650204426
2009-07-27,0.018665052943349414
2009-07-28,0.02329962667297858
2009-07-29,-0.05933688528926728
2009-07-30,0.012126782295612815
2009-07-31,0.026722710071228173
2009-08-03,0.016998891732339816
2009-08-04,0.01343707243358061
2009-08-05,0.008913769447350006
2009-08-06,-0.005444164630602377
2009-08-07,-0.032643789981948945
2009-08-10,0.008839679837347791
2009-08-11,0.007581623106698743
2009-08-12,-0.04824012296437219
2009-08-13,-0.0006914137894784567
2009-08-14,-0.03830046122529984
2009-08-17,-0.06967588108054212
2009-08-18,0.017358707923527117
2009-08-19,-0.04183195825978214
2009-08-20,0.037149804119350316
2009-08-21,0.02541666336966264
2009-08-24,0.02518442858706238
2009-08-25,-0.016192641131055674
2009-08-26,0.029935585525325825
2009-08-27,0.008664698607336208
2009-08-28,-0.026678902661574466
2009-08-31,-0.06528162831239925
2009-09-01,-0.0032542470671668156
2009-09-02,0.0019496693905105555
2009-09-03,0.04710974104527543
2009-09-04,0.013186121309407328
2009-09-07,0.021938891627320878
2009-09-08,0.020666130939340555
2009-09-09,0.008690487077473108
2009-09-10,-0.010662129415523802
2009-09-11,0.019389855902858022
2009-09-14,0.018481223120948354
2009-09-15,0.012768090699333712
2009-09-16,-7.149916400994716e-05
2009-09-17,0.02605378898622579
2009-09-18,-0.031303387568126784
2009-09-21,0.02100005959577045
2009-09-22,-0.014076967094956538
2009-09-23,-0.03362372601680785
2009-09-24,-0.01086045182560258
2009-09-25,-0.0037887108009003745
2009-09-28,-0.01179015962755725
2009-09-29,-0.014547118887190291
2009-09-30,0.01158640703958147
2009-10-09,0.051097845331325775
2009-10-12,-0.0017088580993741553
2009-10-13,0.010318816147944165
2009-10-14,-0.0023631755381249286
2009-10-15,-0.0026735278334599766
2009-10-16,0.0011957885847493355
2009-10-19,0.02110491994946795
2009-10-20,0.013934719371134996
2009-10-21,-0.013807117188878726
2009-10-22,-0.001075058210545432
2009-10-23,0.014013816067016238
2009-10-26,0.0073045406978029526
2009-10-27,-0.024767324250908995
2009-10-28,0.009218201710160079
2009-10-29,-0.012230916811906023
2009-10-30,0.01001985510954051
2009-11-02,0.03454737252358986
2009-11-03,0.01932536575006716
2009-11-04,0.009749256776461435
2009-11-05,0.003598041386391193
2009-11-06,0.0018412826463554133
2009-11-09,0.004474214074744465
2009-11-10,0.0006287876891868383
2009-11-11,0.002358071693755237
2009-11-12,0.011047308524215538
2009-11-13,0.01838229245067513
2009-11-16,0.018792551512692324
2009-11-17,0.0015227756190678843
2009-11-18,0.002493532796317588
2009-11-19,0.013751119647707588
2009-11-20,0.0003507459238920596
2009-11-23,0.01745381457298345
2009-11-24,-0.04894985274050745
2009-11-25,0.03171061066166314
2009-11-26,-0.04524577661579243
2009-11-27,-0.01682085338926098
2009-11-30,0.04519290214269578
2009-12-01,0.023865117249152634
2009-12-02,0.009358393551321065
2009-12-03,0.0038629836847936527
2009-12-04,-0.019038481897570958
2009-12-07,0.016650881099889103
2009-12-08,-0.004504952892611103
2009-12-09,-0.015181824105977126
2009-12-10,0.008672506426543158
2009-12-11,-0.00036288601367184814
2009-12-14,0.0012542914012882989
2009-12-15,0.0012451366364121252
2009-12-16,-0.007024037174919617
2009-12-17,-0.025789578253540446
2009-12-18,-0.029279369549254364
2009-12-21,0.005954994079381271
2009-12-22,-0.01829833903977196
2009-12-23,0.022070113783801526
2009-12-24,0.03449053316886963
2009-12-25,0.002173563196193662
2009-12-28,0.017759126352800747
2009-12-29,0.010459556178415763
2009-12-30,-0.0022738352973757925
2009-12-31,0.00728884926970208
2010-01-04,0.0010115846597102962
2010-01-05,0.010127619643970576
2010-01-06,-0.002113249003564577
2010-01-07,-0.024605126427295065
2010-01-08,0.007195234954253449
2010-01-11,0.0015457019222484547
2010-01-12,0.02302311880478025
2010-01-13,-0.009800988927667453
2010-01-14,0.02500197744581789
2010-01-15,0.010707297243294223
2010-01-18,0.01236186740122669
2010-01-19,-0.005549498870067171
2010-01-20,-0.03897812351717256
2010-01-21,0.003475980714322535
2010-01-22,-0.02644008136651943
2010-01-25,-0.01081179811798294
2010-01-26,-0.02344941076624807
2010-01-27,-0.009223770509244944
2010-01-28,0.014302626616272685
2010-01-29,0.009929856527670422
2010-02-01,-0.018798597204155443
2010-02-02,-0.006675462320047121
2010-02-03,0.015504012003934031
2010-02-04,-0.0022533516445639723
2010-02-05,-0.018695687639045833
2010-02-08,0.0006963046888122104
2010-02-09,0.002105856458118005
2010-02-10,0.014484242862155217
2010-02-11,-0.0009558715304185395
2010-02-12,0.015141270661976902
2010-02-22,-0.004334024891304522
2010-02-23,0.003289330873801788
2010-02-24,0.022737885673459912
2010-02-25,0.017631022331752177
2010-02-26,0.001471646912310165
2010-03-01,0.011128190514989145
2010-03-02,0.0016079378280347
2010-03-03,0.010406471106112036
2010-03-04,-0.03126871005500376
2010-03-05,-0.0012565892521431143
2010-03-08,0.011884007801333807
2010-03-09,-0.00021460930349859186
2010-03-10,-0.010007490890375337
2010-03-11,-0.0062098964601540185
2010-03-12,-0.015919081528013912
2010-03-15,-0.009650285544392512
2010-03-16,0.007599805157728179
2010-03-17,0.026576693845702604
2010-03-18,-0.0018495201917809734
2010-03-19,0.007108547075550309
2010-03-22,0.005134117565471774
2010-03-23,-0.0030697344180748987
2010-03-24,0.004333918651280522
2010-03-25,-0.011305031407845556
2010-03-26,0.01345709182943211
2010-03-29,0.008883379417457649
2010-03-30,0.009782950618870467
2010-03-31,0.0038696547498542344
2010-04-01,0.015978868671807644
2010-04-02,0.003934929221083294
2010-04-06,-0.0013247779731317966
2010-04-07,0.005122410228990404
2010-04-08,0.0017200468732039287
2010-04-09,0.018961287288156603
2010-04-12,0.010516126532975845
2010-04-13,-0.01602579669685711
2010-04-14,0.008486862523689798
2010-04-15,-0.012337104177208014
2010-04-16,0.002014080330844825
2010-04-19,-0.03674924636206878
2010-04-20,0.009626855048191718
2010-04-21,0.0331558654954458
2010-04-22,0.005780224067640116
2010-04-23,-0.010196056479481408
2010-04-26,0.005113336926107603
2010-04-27,-0.02707821089804696
2010-04-28,-0.0002499299502829455
2010-04-29,-0.028812727084210454
2010-04-30,-0.024183740627775063
2010-05-04,-0.0022216772735337287
2010-05-05,0.02889191464273666
2010-05-06,-0.02948046147745309
2010-05-07,-0.019946353534293304
2010-05-10,-0.024739523359368243
2010-05-11,-0.023244813167581535
2010-05-12,-0.022815212264920226
2010-05-13,0.03302423895531659
2010-05-14,0.006667335738189228
2010-05-17,-0.050638970306257525
2010-05-18,0.01219433124300151
2010-05-19,0.00852487865532292
2010-05-20,-0.009655911703350784
2010-05-21,0.026621237222477
2010-05-24,0.03849041577015333
2010-05-25,-0.012164294462248204
2010-05-26,-0.0016361870248258192
2010-05-27,0.018245907366039482
2010-05-28,0.0016135442903300046
2010-05-31,-0.02530143071579083
2010-06-01,-0.01490742197705075
2010-06-02,0.010846774054869668
2010-06-03,-0.0017470968195579806
2010-06-04,0.015888479389720045
2010-06-07,-0.00017539088776308276
2010-06-08,0.00950874852588024
2010-06-09,0.024600455198075633
2010-06-10,0.003188823096645921
2010-06-11,-0.009224174404681151
2010-06-17,-0.019029729498410974
2010-06-18,-0.03914306633810527
2010-06-21,0.022139097656850515
2010-06-22,0.01099324885143882
2010-06-23,0.001486527518258729
2010-06-24,-0.0013216684474802731
2010-06-25,-0.02020975889230514
2010-06-28,-0.012274980537162805
2010-06-29,-0.05189292176738869
2010-06-30,-0.009895203510162154
2010-07-01,-0.01920285304448288
2010-07-02,-0.00977593703558699
2010-07-05,-0.0028672021899678324
2010-07-06,0.02890997065525336
2010-07-07,0.013288945687163656
2010-07-08,-0.004340033629324891
2010-07-09,0.027870224021212753
2010-07-12,0.006148280089681268
2010-07-13,-0.009402456266064063
2010-07-14,0.00046573199302257784
2010-07-15,-0.021067097621179642
2010-07-16,0.0002843855667011841
2010-07-19,0.02358612219335421
2010-07-20,0.03224004893224586
2010-07-21,0.0010534422537398225
2010-07-22,0.012081197690510637
2010-07-23,0.002997335785837052
2010-07-26,0.014750296379068661
2010-07-27,0.001284590229323257
2010-07-28,0.024772585841433825
2010-07-29,0.0005360478072538033
2010-07-30,-0.002233455463514611
2010-08-02,0.021087002604737615
2010-08-03,-0.019102245260034456
2010-08-04,0.006517455243930881
2010-08-05,0.0086314446591933
2010-08-06,0.020687365843226946
2010-08-09,0.012948851711391818
2010-08-10,-0.03473843664659726
2010-08-11,0.011077478334293511
2010-08-12,-0.007362185362919216
2010-08-13,0.021528394905564685
2010-08-16,0.02851269329572359
2010-08-17,0.01258287717937856
2010-08-18,0.0016754871709439012
2010-08-19,0.0001529005075391332
2010-08-20,-0.02616780444466793
2010-08-23,0.008285783089642118
2010-08-24,0.014011016447848634
2010-08-25,-0.018380463850216744
2010-08-26,0.007107964288495028
2010-08-27,0.013351453394062851
2010-08-30,0.030459751570665494
2010-08-31,0.008301109500145953
2010-09-01,-0.009372277087755343
2010-09-02,0.011380927072949909
2010-09-03,0.0035379597329652235
2010-09-06,-0.003240745134900691
2010-09-07,0.0036036047668033255
2010-09-08,0.01131249370813392
2010-09-09,-0.012170895342130783
2010-09-10,0.015330436215984289
2010-09-13,0.021181830130289958
2010-09-14,0.005312848694509542
2010-09-15,-0.016950804213423876
2010-09-16,-0.027484314146574707
2010-09-17,0.0030367503492045866
2010-09-20,-0.0075900689578757286
2010-09-21,0.001137261895933106
2010-09-27,0.027298130690690314
2010-09-28,-0.005035988477628095
2010-09-29,-0.011074005164876999
2010-09-30,0.015478590771827117
2010-10-08,0.025283618542909947
2010-10-11,-0.003881884017567505
2010-10-12,-0.0002781702244055717
2010-10-13,0.007995559174097888
2010-10-14,-0.030502708312011295
2010-10-15,0.004821973015816772
2010-10-18,-0.02036625617140775
2010-10-19,0.03585510359057498
2010-10-20,0.009073447020466308
2010-10-21,0.011760360843446671
2010-10-22,0.0133190015271889
2010-10-25,0.029107808643596078
2010-10-26,0.0053069992878027605
2010-10-27,-0.009627209571056672
2010-10-28,-0.00041440476831988704
2010-10-29,0.016980646159336255
2010-11-01,0.025468456773371395
2010-11-02,-0.012655075276423733
2010-11-03,-0.019064939447601237
2010-11-04,0.021948649908497098
2010-11-05,0.016117200209645022
2010-11-08,0.01791623299315459
2010-11-09,0.0056878118122294374
2010-11-10,0.006225260055504389
2010-11-11,-0.005682754221930764
2010-11-12,-0.06297719552556114
2010-11-15,0.026849172328431647
2010-11-16,-0.04196884979271187
2010-11-17,-0.03304220319423101
2010-11-18,0.020962635043920264
2010-11-19,0.03368966279917984
2010-11-22,0.015785917474276268
2010-11-23,-0.012563913452750652
2010-11-24,0.0240430287487019
2010-11-25,0.004741406016356642
2010-11-26,-0.0028467297444068063
2010-11-29,0.0007919670703979698
2010-11-30,-0.02356679703654152
2010-12-01,-0.0031947647490101483
2010-12-02,0.0038086357228512835
2010-12-03,-0.008977189364064886
2010-12-06,-0.013797392465818348
2010-12-07,0.024358903679079003
2010-12-08,-0.0012669129788788203
2010-12-09,-0.01862537319690838
2010-12-10,0.015716541694268615
2010-12-13,0.027112880305734777
2010-12-14,0.007381093715740583
2010-12-15,-0.00490153209549371
2010-12-16,-0.0009641891068530306
2010-12-17,0.0006118420239069611
2010-12-20,-0.010050599881751054
2010-12-21,0.0072310925061185305
2010-12-22,-0.010465387488633793
2010-12-23,-0.019026792027865724
2010-12-24,-0.018548617845976723
2010-12-27,-0.02530395870351365
2010-12-28,-0.019421510605416303
2010-12-29,0.02591155728432981
2010-12-30,0.007370557273534528
2010-12-31,0.022095368379617675
2011-01-04,0.009924758917214893
2011-01-05,-0.004519369825648489
2011-01-06,-0.008884306940016407
2011-01-07,-0.005062169037883701
2011-01-10,-0.027490097334666452
2011-01-11,-0.010202710040271734
2011-01-12,0.003790168885015266
2011-01-13,0.0023365986095058577
2011-01-14,-0.0186037644629391
2011-01-17,-0.04582288698298631
2011-01-18,0.003955538103507905
2011-01-19,0.024339234097833895
2011-01-20,-0.03696201649583797
2011-01-21,0.0033159401604687666
2011-01-24,-0.03126390119542488
2011-01-25,-0.01092845601360326
2011-01-26,0.0207724950686472
2011-01-27,0.01825046629988325
2011-01-28,0.007490996683066298
2011-01-31,0.009649258936783145
2011-02-01,0.0026094220392289813
2011-02-09,-0.012764638304855969
2011-02-10,0.029013648414348614
2011-02-11,0.016241888269228566
2011-02-14,0.017332687242573197
2011-02-15,-0.001591036724446493
2011-02-16,0.014504969236593723
2011-02-17,0.006131458035539605
2011-02-18,-0.010155815478361419
2011-02-21,0.017643995477429675
2011-02-22,-0.0247444631754713
2011-02-23,0.009870760504066212
2011-02-24,0.009410154152063255
2011-02-25,0.002854993777519743
2011-02-28,0.010806921293755822
2011-03-01,0.00381241985363423
2011-03-02,-0.0057406324298163725
2011-03-03,-0.019942070256183775
2011-03-04,0.007222903142735104
2011-03-07,0.01265922204592651
2011-03-08,0.002651919291975835
2011-03-09,0.0036966908099269613
2011-03-10,-0.003813250995434836
2011-03-11,-0.0032214029214177042
2011-03-14,0.008591851878225532
2011-03-15,-0.006835282209256777
2011-03-16,0.01319802570955897
2011-03-17,-0.01693640481565528
2011-03-18,0.005503780872446518
2011-03-21,-0.009060539269588275
2011-03-22,-0.006297839385689841
2011-03-23,0.01263479055268002
2011-03-24,-0.0011526436791194916
2011-03-25,0.005441866109817228
2011-03-28,-0.013449029458055928
2011-03-29,-0.02301947930433823
2011-03-30,-0.008461500472852546
2011-03-31,-0.007330278520482625
2011-04-01,0.009211479993728844
2011-04-06,-0.007893472122560974
2011-04-07,0.0057536831627647
2011-04-08,0.011171298311274613
2011-04-11,-0.011177590539696025
2011-04-12,-0.007623205680162171
2011-04-13,0.014258962124763741
2011-04-14,-0.002812903512381615
2011-04-15,-0.004896021222948854
2011-04-18,-0.0008770867725274023
2011-04-19,-0.008612889917419486
2011-04-20,0.0040424988046838806
2011-04-21,0.004698249744903293
2011-04-22,-0.008919650655700995
2011-04-25,-0.01699722849778562
2011-04-26,-0.010203928481329894
2011-04-27,-0.009415923961534234
2011-04-28,-0.02569673211682766
2011-04-29,0.011223139520637693
2011-05-03,0.011622375601936685
2011-05-04,-0.022791595932925568
2011-05-05,0.0043522045345523175
2011-05-06,0.007966995327212567
2011-05-09,0.005863647204085831
2011-05-10,0.0020486786539899438
2011-05-11,-0.002528862426475653
2011-05-12,-0.0154889408476091
2011-05-13,0.00391688671413859
2011-05-16,-0.0006064988957863449
2011-05-17,-0.00010544084751817895
2011-05-18,0.005306362911778217
2011-05-19,-0.0017173718783498604
2011-05-20,-0.002302055160158467
2011-05-23,-0.03151474397447507
2011-05-24,-0.00458136904205475
2011-05-25,-0.01655763622343709
2011-05-26,-0.010918583002151205
2011-05-27,-0.019945906284089876
2011-05-30,-0.00795998426006106
2011-05-31,0.0168381044697119
2011-06-01,0.010271109925299227
2011-06-02,-0.013850538832092862
2011-06-03,0.016442360282653112
2011-06-07,0.010584188232080072
2011-06-08,0.0008572531654544857
2011-06-09,-0.019485980188451713
2011-06-10,-0.00010990626565632322
2011-06-13,-0.0028698324102094386
2011-06-14,0.012581430069771748
2011-06-15,-0.01076561978925783
2011-06-16,-0.019814855540908005
2011-06-17,-0.008598657736714088
2011-06-20,-0.015121584696188628
2011-06-21,0.012369881232937363
2011-06-22,0.0015425770440344877
2011-06-23,0.020823460839013874
2011-06-24,0.024170286531721263
2011-06-27,0.012673434072556944
2011-06-28,0.003756656832771821
2011-06-29,-0.009075330422270489
2011-06-30,0.01679051411039212
2011-07-01,0.0039197966753770075
2011-07-04,0.022084921242230715
2011-07-05,0.004258304640786248
2011-07-06,0.006555007182209582
2011-07-07,0.003982550048760247
2011-07-08,-0.0028882579510060014
2011-07-11,0.00926098413024845
2011-07-12,-0.011294617726878009
2011-07-13,0.015816803530458667
2011-07-14,0.0028022538916516737
2011-07-15,0.006404823206386467
2011-07-18,0.0032256539848352084
2011-07-19,-0.011104406331176597
2011-07-20,-0.0011107710199710352
2011-07-21,-0.010883058369872023
2011-07-22,0.004490029871331513
2011-07-25,-0.037364522329988215
2011-07-26,0.002989985393337502
2011-07-27,0.015761473372886803
2011-07-28,-0.0029019601138053908
2011-07-29,-0.011706180124072096
2011-08-01,0.0003493982236486559
2011-08-02,-0.004865719970622795
2011-08-03,0.006274992015712799
2011-08-04,0.0054514971621750785
2011-08-05,-0.014114472286851698
2011-08-08,-0.035707500617143895
2011-08-09,0.0009380104762268804
2011-08-10,0.014296756513551445
2011-08-11,0.01678966382875524
2011-08-12,0.00829846240953147
2011-08-15,0.010495593482433119
2011-08-16,-0.007506720797888278
2011-08-17,-0.006326088306896516
2011-08-18,-0.020317828298320295
2011-08-19,-0.005331125011603599
2011-08-22,-0.012735676450334799
2011-08-23,0.012574538597712959
2011-08-24,0.0014652264525591985
2011-08-25,0.018245522622833077
2011-08-26,0.0005817119019220218
2011-08-29,-0.007545279603880073
2011-08-30,-0.008507029958294887
2011-08-31,-0.006240731229694929
2011-09-01,-0.006097722142634265
2011-09-02,-0.009805751830744502
2011-09-05,-0.01923813766347804
2011-09-06,-0.013260473176007093
2011-09-07,0.02022841143067322
2011-09-08,-0.004449073127899439
2011-09-09,-0.008764319320319403
2011-09-13,-0.01637154757708814
2011-09-14,0.008137997723752122
2011-09-15,0.0035938066367839916
2011-09-16,-0.0011546228955090498
2011-09-19,-0.020895232123235186
2011-09-20,3.3985746377140913e-06
2011-09-21,0.028382910816417972
2011-09-22,-0.027155064312548438
2011-09-23,-0.008343057275291943
2011-09-26,-0.018083119662145486
2011-09-27,0.003826690312139558
2011-09-28,-0.013488711009647325
2011-09-29,-0.022074077901418354
2011-09-30,-0.0012436342298414171
2011-10-10,-0.007862846342761465
2011-10-11,-0.005597438839487712
2011-10-12,0.034656794514610345
2011-10-13,0.01186055820142129
2011-10-14,-0.005640087457052356
2011-10-17,0.006411914798638563
2011-10-18,-0.024921282541105372
2011-10-19,-0.008600790891034826
2011-10-20,-0.02822715686923316
2011-10-21,-0.017374382320195725
2011-10-24,0.01922624986795296
2011-10-25,0.028475142743519255
2011-10-26,0.007844644975470327
2011-10-27,0.0007416819701109301
2011-10-28,0.020955907694367504
2011-10-31,0.0013845206466933657
2011-11-01,0.0004670862541604759
2011-11-02,0.020927308196119654
2011-11-03,0.005425945469666571
2011-11-04,0.006713854993143364
2011-11-07,-0.00717537804168944
2011-11-08,-0.011929104182370254
2011-11-09,0.016800724169145242
2011-11-10,-0.011270151075719492
2011-11-11,-0.002422224784213056
2011-11-14,0.0237998725487798
2011-11-15,0.003694163766073011
2011-11-16,-0.02788709531700395
2011-11-17,0.0003507148156931539
2011-11-18,-0.027669611714738362
2011-11-21,0.0009254071142514864
2011-11-22,-0.003725901408276444
2011-11-23,-0.0030346117660604577
2011-11-24,0.0007277392858187071
2011-11-25,-0.0068667996196374315
2011-11-28,0.0010102101463940194
2011-11-29,0.014164846532256359
2011-11-30,-0.03584989016123796
2011-12-01,0.018363458319856862
2011-12-02,-0.02034714795978554
2011-12-05,-0.033523646663967455
2011-12-06,0.0018298533650515925
2011-12-07,0.004211561295558219
2011-12-08,0.000658885502716533
2011-12-09,-0.011572748646132003
2011-12-12,-0.012205111471783492
2011-12-13,-0.024486392790011524
2011-12-14,-0.0174833139907411
2011-12-15,-0.015459308897701862
2011-12-16,0.024737261077723893
2011-12-19,-0.0017178124776097148
2011-12-20,-0.00461078835592621
2011-12-21,-0.025622130720281966
2011-12-22,-0.007705756223267635
2011-12-23,0.00456898910336867
2011-12-26,-0.010447847639500907
2011-12-27,-0.02406998884678757
2011-12-28,-0.0028868215998989477
2011-12-29,0.004670475828592924
2011-12-30,0.02056664649699913
2012-01-04,-0.02654833884328678
2012-01-05,-0.03522036130731787
2012-01-06,0.0019318240121708463
2012-01-09,0.030967589675540586
2012-01-10,0.04133985234327309
2012-01-11,-0.004265646155987235
2012-01-12,-0.0049302567112121665
2012-01-13,-0.03567535688031365
2012-01-16,-0.0386297776860286
2012-01-17,0.050516670860104584
2012-01-18,-0.029953918151109593
2012-01-19,0.01533727229178572
2012-01-20,0.02080986153670472
2012-01-30,-0.006193141658496604
2012-01-31,0.000872051062186463
2012-02-01,-0.0030410428561160607
2012-02-02,0.01839891303644925
2012-02-03,0.01840586888146678
2012-02-06,0.008949086755776436
2012-02-07,-0.01743089427917044
2012-02-08,0.02879956841178677
2012-02-09,0.00692883263366495
2012-02-10,0.0028860732965927394
2012-02-13,0.01203214131488095
2012-02-14,1.8831482161640878e-05
2012-02-15,0.011870478175498578
2012-02-16,-0.006013945838580614
2012-02-17,-0.004922778306911457
2012-02-20,0.00236742476647267
2012-02-21,0.01212562347320012
2012-02-22,0.024183916372292558
2012-02-23,0.006985713065313703
2012-02-24,0.009751840568672288
2012-02-27,0.003681203965308244
2012-02-28,-0.008572445472412316
2012-02-29,-0.012340508767530456
2012-03-01,0.003921728306261585
2012-03-02,0.018200813941265714
2012-03-05,-0.0027279006677100037
2012-03-06,-0.007973958010931481
2012-03-07,0.0008999330900063551
2012-03-08,0.012279813098481362
2012-03-09,0.02010149681904383
2012-03-12,0.0044004820032013114
2012-03-13,0.009687991362278714
2012-03-14,-0.03788357362149797
2012-03-15,-0.003666965453347548
2012-03-16,0.027091528979805934
2012-03-19,0.00430916936904735
2012-03-20,-0.02635346091809765
2012-03-21,-0.0023284360831136164
2012-03-22,-0.004408724227651262
2012-03-23,-0.013949767209434527
2012-03-26,0.004095447976015576
2012-03-27,-0.0057893901682329885
2012-03-28,-0.039803449462782914
2012-03-29,-0.014939820161414041
2012-03-30,-0.0030992412280405057
2012-04-05,0.03112909767808625
2012-04-06,0.0038353622464812887
2012-04-09,-0.012994524300673382
2012-04-10,0.007134298975168152
2012-04-11,0.0014997330871511227
2012-04-12,0.020606392181577338
2012-04-13,0.002531387568385446
2012-04-16,-0.0013683418520691326
2012-04-17,-0.008108747909811531
2012-04-18,0.020998990894181446
2012-04-19,-0.0027500012750178993
2012-04-20,0.005555230002930012
2012-04-23,-0.017360660062789468
2012-04-24,-0.004562196289384923
2012-04-25,0.00511669966155881
2012-04-26,-0.001470637682983833
2012-04-27,-0.008007277027177295
2012-05-02,0.01493113144278646
2012-05-03,0.004166860519838167
2012-05-04,0.01077222779483722
2012-05-07,0.013407910443252735
2012-05-08,-0.0007962405772118375
2012-05-09,-0.016367021470777066
2012-05-10,0.002954658337408933
2012-05-11,-0.008208157070184074
2012-05-14,-0.006119760019444032
2012-05-15,0.0011425075444968513
2012-05-16,-0.016474387626146392
2012-05-17,0.011776826555145892
2012-05-18,-0.014202097983860518
2012-05-21,0.004546967639796895
2012-05-22,0.013179727129594365
2012-05-23,-0.003241876476908989
2012-05-24,-0.011584567775373311
2012-05-25,-0.014618353135531947
2012-05-28,0.014370106111754932
2012-05-29,0.015540361484642995
2012-05-30,0.0024470266898228843
2012-05-31,0.007073124993577817
2012-06-01,-0.004053877393113026
2012-06-04,-0.024117487109722058
2012-06-05,-0.00019246263819039378
2012-06-06,7.524987771900804e-05
2012-06-07,-0.00785689600111994
2012-06-08,-0.005813230567080829
2012-06-11,0.017431453476355996
2012-06-12,-0.0005538241437249569
2012-06-13,0.0179033827508015
2012-06-14,-0.006478413678817185
2012-06-15,-0.0005731640206529942
2012-06-18,0.0078925372155354
2012-06-19,-0.00579362914865067
2012-06-20,-0.0022324264244530934
2012-06-21,-0.016037010677385388
2012-06-25,-0.019144037448964646
2012-06-26,-0.0026344368885561353
2012-06-27,0.001962999389533371
2012-06-28,-0.010345297460864433
2012-06-29,0.012377683137009043
2012-07-02,0.01613854876559584
2012-07-03,0.004776427878971923
2012-07-04,-0.007552628228880476
2012-07-05,-0.01622235637082048
2012-07-06,0.023452993199290617
2012-07-09,-0.013484772799210565
2012-07-10,-0.007994035593395177
2012-07-11,0.006845000836556814
2012-07-12,0.013320122364378184
2012-07-13,-0.004396803695814522
2012-07-16,-0.03666927756967142
2012-07-17,0.0019507667971903064
2012-07-18,-0.0009296809836777387
2012-07-19,0.00676364289043363
2012-07-20,-0.012145796739587933
2012-07-23,-0.00928472040448014
2012-07-24,0.01196746163132656
2012-07-25,-0.0036803605699863295
2012-07-26,-0.007415955038100552
2012-07-27,-0.006644375936757152
2012-07-30,-0.015353673255238509
2012-07-31,-0.010700268187413542
2012-08-01,0.013709013087954247
2012-08-02,-0.006630423311590139
2012-08-03,0.01932481735777869
2012-08-06,0.023566907049507035
2012-08-07,0.010680357399939222
2012-08-08,-0.004903743992874299
2012-08-09,0.017758321126998045
2012-08-10,-0.0019283576735171781
2012-08-13,-0.01889941036336995
2012-08-14,-0.003014293519416622
2012-08-15,0.0010335615724814673
2012-08-16,-0.011361309969901812
2012-08-17,-0.006478301088861382
2012-08-20,0.00229754959727968
2012-08-21,0.012968631345153803
2012-08-22,-0.009006301739537648
2012-08-23,0.0014876172454840741
2012-08-24,-0.01563382219561471
2012-08-27,-0.018273706137413748
2012-08-28,0.0031344103737198648
2012-08-29,-0.0019106086724545168
2012-08-30,-0.01950102098154516
2012-08-31,0.0035273060636487052
2012-09-03,0.02273331457942418
2012-09-04,-0.008457017819545443
2012-09-05,0.006215323298096376
2012-09-06,0.011701117034617958
2012-09-07,0.035069816331953385
2012-09-10,0.006353237278597712
2012-09-11,-0.0015905308017289954
2012-09-12,0.004195272760260771
2012-09-13,-0.013689252094477133
2012-09-14,0.000341822066159736
2012-09-17,-0.023741018308949702
2012-09-18,-0.005969570573049365
2012-09-19,0.008295819453900455
2012-09-20,-0.02745927199725462
2012-09-21,-0.012414282787893138
2012-09-24,0.00845669692988138
2012-09-25,-0.005041872569499617
2012-09-26,-0.022331881436977508
2012-09-27,0.025944200069644596
2012-09-28,0.02445555176023584
2012-10-08,-0.008448400417273239
2012-10-09,0.026714907302307855
2012-10-10,0.011928079134509995
2012-10-11,-0.01298331808753761
2012-10-12,-0.006102130787881022
2012-10-15,-0.008428660787701991
2012-10-16,0.0039396517513514695
2012-10-17,0.0020808448304596716
2012-10-18,0.017166210062442122
2012-10-19,-0.002617703477397759
2012-10-22,0.002944162925327065
2012-10-23,-0.014183852444045852
2012-10-24,-0.007888434076273043
2012-10-25,-0.008016597863377828
2012-10-26,-0.019630221356857103
2012-10-29,0.0026683451069284825
2012-10-30,-0.00300591379563675
2012-10-31,0.004401899428017497
2012-11-01,0.01656702278046418
2012-11-02,-0.00237150446199319
2012-11-05,-0.008228894782442708
2012-11-06,-0.006009059637257397
2012-11-07,-0.0004481788425111377
2012-11-08,-0.02396053491326533
2012-11-09,-0.00509178413917466
2012-11-12,-0.00018277130130450736
2012-11-13,-0.019790028681344052
2012-11-14,0.0016923016132486257
2012-11-15,-0.012770316463949438
2012-11-16,-0.005721797268390283
2012-11-19,-0.0016310428512226194
2012-11-20,-0.002310316739784435
2012-11-21,0.00807309601883155
2012-11-22,-0.01315051870697359
2012-11-23,0.0018674042254638312
2012-11-26,-0.015596726260307836
2012-11-27,-0.02469951973447093
2012-11-28,-0.017990980742230378
2012-11-29,-0.006577700523191399
2012-11-30,0.01257190206865988
2012-12-03,-0.02381536903925907
2012-12-04,0.01362886302207289
2012-12-05,0.03862509413935955
2012-12-06,-0.005695572823043782
2012-12-07,0.018001920396403026
2012-12-10,0.015004726546359537
2012-12-11,-0.007682675652661786
2012-12-12,-0.0014582872753277076
2012-12-13,-0.010294380564916272
2012-12-14,0.04041851588024059
2012-12-17,-0.0031182027482884456
2012-12-18,-0.0018151057811752747
2012-12-19,0.008559951488874118
2012-12-20,0.0011614968447972718
2012-12-21,0.002950983878972746
2012-12-24,0.006665943758948245
2012-12-25,0.02145431396123798
2012-12-26,0.015386050435558518
2012-12-27,-0.005673075700733499
2012-12-28,0.010992844073655528
2012-12-31,0.010859953720825377
2013-01-04,-0.015073168325268171
2013-01-07,0.007759406165058769
2013-01-08,0.015488261928316094
2013-01-09,0.009821439025818002
2013-01-10,0.005855725281121771
2013-01-11,-0.014927004194408622
2013-01-14,0.04339321121839701
2013-01-15,0.02035799091182744
2013-01-16,0.0012433884533706863
2013-01-17,-0.011431071929487002
2013-01-18,0.014196483561294215
2013-01-21,-0.0020543661357419474
2013-01-22,-0.015106678946699814
2013-01-23,0.0014899234651251092
2013-01-24,-0.020762488161417347
2013-01-25,-0.0004900587593402728
2013-01-28,0.02058755872450435
2013-01-29,0.007809256629504935
2013-01-30,-0.002595585272987311
2013-01-31,-0.009331199761767994
2013-02-01,0.006310035132042868
2013-02-04,-0.012974777439827445
2013-02-05,0.01501745002833843
2013-02-06,0.0081867328473606
2013-02-07,0.015703383516387337
2013-02-08,0.013964258966833842
2013-02-18,-0.002494452913595846
2013-02-19,-0.018341040672905318
2013-02-20,0.02289071478335214
2013-02-21,-0.018052935681830418
2013-02-22,-0.0008376492035491179
2013-02-25,0.010873348707458375
2013-02-26,-0.01499317670767819
2013-02-27,-0.0007345292505968049
2013-02-28,0.017495258323063423
2013-03-01,0.010807029992015327
2013-03-04,-0.027449690651604297
2013-03-05,0.02868887554864674
2013-03-06,0.016078301873770462
2013-03-07,-0.017183640993197802
2013-03-08,-0.01170687869235787
2013-03-11,0.005111032022649953
2013-03-12,-0.026288381600166555
2013-03-13,-0.00664723985863902
2013-03-14,0.010312032438270835
2013-03-15,0.0029800353187747763
2013-03-18,-0.014528929208437846
2013-03-19,0.0010824957511377242
2013-03-20,0.02866065340028512
2013-03-21,0.011471480248834931
2013-03-22,0.00512934656529529
2013-03-25,0.0015691641046724492
2013-03-26,-0.004158576318562868
2013-03-27,-0.0014204231893212294
2013-03-28,-0.019982230082175256
2013-03-29,0.0008742949898623564
2013-04-01,-0.0005857491966265727
2013-04-02,-0.024601574188512387
2013-04-03,-0.0044517655009291834
2013-04-08,0.013456102986459273
2013-04-09,0.00694519723373066
2013-04-10,-0.004448603758524294
2013-04-11,-0.0066463481240219835
2013-04-12,-0.004806812597588306
2013-04-15,-0.013467612233436843
2013-04-16,0.011662203768666002
2013-04-17,0.016118242622366497
2013-04-18,0.002256090248871523
2013-04-19,0.019040309100159636
2013-04-22,0.007258140508791033
2013-04-23,-0.027869086172796376
2013-04-24,0.022785059861173407
2013-04-25,-0.01975718352434952
2013-04-26,-0.020194316729797768
2013-05-02,0.0049395207180926715
2013-05-03,0.020300714647509377
2013-05-06,0.021661414306731963
2013-05-07,-0.003220722030535361
2013-05-08,0.011313117497333769
2013-05-09,0.002223322977127129
2013-05-10,0.001757464797463415
2013-05-13,0.00307664005731878
2013-05-14,-0.011579285539070838
2013-05-15,0.019913820427450046
2013-05-16,0.010312645250540431
2013-05-17,0.016902419431766402
2013-05-20,0.017466732228706094
2013-05-21,0.02064159761210438
2013-05-22,-0.010996639065001812
2013-05-23,-0.0003379170108963603
2013-05-24,0.017661688155231614
2013-05-27,0.007187787044647953
2013-05-28,-0.007064872417021473
2013-05-29,0.007488386224750787
2013-05-30,0.0004010720401597112
2013-05-31,-0.012730855814694464
2013-06-03,-0.012226857426011484
2013-06-04,-0.021778639884968753
2013-06-05,0.006319431672619613
2013-06-06,-0.013739414436665376
2013-06-07,-0.015945198387437243
2013-06-13,-0.02550251066923459
2013-06-14,0.029218036455908925
2013-06-17,0.0036489836268200904
2013-06-18,-0.002206864807941855
2013-06-19,-0.0016523852586185495
2013-06-20,-0.03554843100251315
2013-06-21,-0.001940942899855247
2013-06-24,-0.0639852910819163
2013-06-25,0.003687492601018194
2013-06-26,0.03286285130462052
2013-06-27,-0.018033483669314787
2013-06-28,0.0005152369831940007
2013-07-01,0.028385820799738726
2013-07-02,0.019196785378499337
2013-07-03,0.008876183649933145
2013-07-04,-0.0022881697612733287
2013-07-05,-0.010974501442770679
2013-07-08,-0.038616009314172306
2013-07-09,-1.7223835372393026e-05
2013-07-10,0.027025110547611142
2013-07-11,0.02797864738144229
2013-07-12,-0.006020664251988217
2013-07-15,0.027231515845509868
2013-07-16,0.013102705681850901
2013-07-17,-0.020754066179675457
2013-07-18,-0.006951832061675378
2013-07-19,-0.014113051855839776
2013-07-22,0.013884159022086173
2013-07-23,0.030097489382370446
2013-07-24,0.006746682044325825
2013-07-25,-0.02109456181481173
2013-07-26,-0.007253548520209652
2013-07-29,-0.021037711567343687
2013-07-30,-0.011715733178416454
2013-07-31,-0.0007237597644893512
2013-08-01,0.03701114886922796
2013-08-02,0.0063105160112215675
2013-08-05,0.020827845731358874
2013-08-06,0.016221419956388594
2013-08-07,-0.014103195693526915
2013-08-08,0.009971270970793089
2013-08-09,-0.004017826421311543
2013-08-12,0.01191778595041626
2013-08-13,0.0030821606935826917
2013-08-14,-0.004483511999725409
2013-08-15,-0.015404933701332557
2013-08-16,-0.026381447888951692
2013-08-19,0.019554186751623126
2013-08-20,-0.00390228301505402
2013-08-21,0.007960866886352447
2013-08-22,0.002223049712169578
2013-08-23,0.0037377418687898345
2013-08-26,0.020739716068579828
2013-08-27,0.001694297927769206
2013-08-28,-0.015988220806550824
2013-08-29,-0.007137991262519017
2013-08-30,-0.017246617964356115
2013-09-02,0.015254030886147074
2013-09-03,0.015678879495928832
2013-09-04,-0.0039007547763001416
2013-09-05,0.0001892527659941301
2013-09-06,0.0039647459777381044
2013-09-09,0.0070252338021741245
2013-09-10,0.0004115427645019487
2013-09-11,-0.017148413767272386
2013-09-12,0.0022083698910801974
2013-09-13,0.011082233055289326
2013-09-16,0.0109369105126087
2013-09-17,-0.011309752734828815
2013-09-18,0.00444300284228083
2013-09-23,0.03251590820039296
2013-09-24,0.014327914591293345
2013-09-25,-0.012455847690317268
2013-09-26,-0.01467200713968897
2013-09-27,0.0034259975590205105
2013-09-30,0.013506370494746456
2013-10-08,0.01623458187545901
2013-10-09,0.004336698007419981
2013-10-10,0.0003599402083722669
2013-10-11,0.0010210540713337934
2013-10-14,0.008404963500484142
2013-10-15,-0.010412611911249425
2013-10-16,-0.02016811129998275
2013-10-17,-0.002649753309706404
2013-10-18,0.007352614203195884
2013-10-21,0.025966444628461538
2013-10-22,-0.011360121067800377
2013-10-23,-0.02634780817616078
2013-10-24,-0.006794003905738255
2013-10-25,-0.027924467837260214
2013-10-28,-0.002666881124033238
2013-10-29,-0.009445882763244984
2013-10-30,0.010179728412643252
2013-10-31,-0.022370083904561633
2013-11-01,-0.005023062767421593
2013-11-04,0.007840285859301632
2013-11-05,0.015308314108957832
2013-11-06,-0.011239972991439084
2013-11-07,-0.013680549855213608
2013-11-08,-0.013678312458800135
2013-11-11,0.01012155388471192
2013-11-12,0.004247939919717947
2013-11-13,-0.017263306394246447
2013-11-14,0.01440094495071298
2013-11-15,0.015785548515385495
2013-11-18,0.019079244190455924
2013-11-19,-0.00013367471594627478
2013-11-20,0.005063955939712095
2013-11-21,-0.0013432932125573283
2013-11-22,-0.005648982954444937
2013-11-25,-0.006012962808200739
2013-11-26,0.0014977012518457844
2013-11-27,0.015132158346998992
2013-11-28,0.009084543811155754
2013-11-29,0.0041699295299948425
2013-12-02,-0.04829863515147825
2013-12-03,0.020981168710203946
2013-12-04,0.01396906859144842
2013-12-05,-0.00830239801252941
2013-12-06,-0.0018764545520310039
2013-12-09,0.006288830943346646
2013-12-10,0.003268711828303905
2013-12-11,-0.007661969060209106
2013-12-12,0.007192144097881492
2013-12-13,0.0024833722592079166
2013-12-16,-0.016084713179006505
2013-12-17,-0.004391119193268289
2013-12-18,0.0021168474752497612
2013-12-19,-0.00760834369325647
2013-12-20,-0.008725982216468697
2013-12-23,-0.0012610849634728805
2013-12-24,0.006940518315387667
2013-12-25,0.010587959566316085
2013-12-26,-0.018544984999252834
2013-12-27,0.016382862390079023
2013-12-30,0.0007289966188386288
2013-12-31,0.006004689572861599
2014-01-02,0.01596713157310803
2014-01-03,0.001830860725912542
2014-01-06,-0.023257754755129034
2014-01-07,0.007625717896713402
2014-01-08,0.0062902676155156545
2014-01-09,-0.01499358849087784
2014-01-10,-0.017049463729517322
2014-01-13,-0.006445062146241853
2014-01-14,0.015118083820927275
2014-01-15,0.012345394421449107
2014-01-16,-0.006184575659036851
2014-01-17,-0.013319839994030525
2014-01-20,-0.010104960312363409
2014-01-21,0.011820542986406446
2014-01-22,0.022851347547298895
2014-01-23,0.007058598867422772
2014-01-24,0.01652539131903552
2014-01-27,-0.004011426844855781
2014-01-28,-0.007222185388836344
2014-01-29,0.00793640570729992
2014-01-30,-0.011027098740771124
2014-02-07,0.016185834323519055
2014-02-10,0.03530290500915667
2014-02-11,-0.004492756526080277
2014-02-12,0.011286946941877707
2014-02-13,-0.013786842165029678
2014-02-14,0.01447117298795586
2014-02-17,0.015433713096190349
2014-02-18,-0.004799532055785982
2014-02-19,0.005006466933982656
2014-02-20,-0.0209638649024928
2014-02-21,-0.00377407190151291
2014-02-24,-0.0027078991566080735
2014-02-25,-0.04157840863988649
2014-02-26,0.0024419114753591042
2014-02-27,-0.02326894226150822
2014-02-28,0.017753428738180643
2014-03-03,0.013721079870420594
2014-03-04,-0.009457255714857893
2014-03-05,-0.0011033691769899434
2014-03-06,-0.004579123644664507
2014-03-07,-0.005219946324828029
2014-03-10,-0.03540366018331931
2014-03-11,-0.0009241925508379767
2014-03-12,-0.004421448554127627
2014-03-13,0.014890695360251671
2014-03-14,-0.005989859550602272
2014-03-17,0.017600071813389517
2014-03-18,0.002540527191405406
2014-03-19,-0.014748565793464508
2014-03-20,-0.03104700614186484
2014-03-21,0.01965246203694737
2014-03-24,-0.0031050176193296863
2014-03-25,-0.001409423834807022
2014-03-26,0.006490491791479869
2014-03-27,-0.02020213988648878
2014-03-28,-0.021878057742915846
2014-03-31,-0.003320157828421322
2014-04-01,0.01810091629713595
2014-04-02,0.0012861811940090284
2014-04-03,0.003732115169120309
2014-04-04,0.012623761375965215
2014-04-08,0.010174243369413638
2014-04-09,0.0072564987248107116
2014-04-10,0.003593440814535276
2014-04-11,-0.006433638639266492
2014-04-14,0.004995744756610465
2014-04-15,-0.0102839693876563
2014-04-16,-0.0010013074648709264
2014-04-17,0.00362673693469473
2014-04-18,0.001394137605699619
2014-04-21,-0.014746795781370392
2014-04-22,-0.005564612029896665
2014-04-23,0.00036264049674561427
2014-04-24,-0.012456436523483494
2014-04-25,-0.018222794094655548
2014-04-28,-0.02312455349108633
2014-04-29,0.011261524802106626
2014-04-30,0.005226119601227541
2014-05-05,0.010083329928435747
2014-05-06,0.010187100601805055
2014-05-07,-0.018706095358244745
2014-05-08,-0.0037008679016786727
2014-05-09,-0.009863581643031916
2014-05-12,0.02543468659109016
2014-05-13,-0.0023152043973049263
2014-05-14,0.000653891863067857
2014-05-15,-0.021626462012918513
2014-05-16,-0.0008508735331480555
2014-05-19,-0.007628381419070962
2014-05-20,0.003213786564352228
2014-05-21,0.01286999419616941
2014-05-22,-5.686006803373722e-05
2014-05-23,0.010498331899628788
2014-05-26,0.009024543985273192
2014-05-27,-0.0033204314723555006
2014-05-28,0.016858731967784646
2014-05-29,-0.011342244919461786
2014-05-30,0.0035388539368454985
2014-06-03,0.0007582006374733385
2014-06-04,-0.012811551490442108
2014-06-05,0.010792290512323666
2014-06-06,0.0014582525166373372
2014-06-09,-0.006443811988667503
2014-06-10,0.014951267642749011
2014-06-11,0.0032786997070464174
2014-06-12,-0.002730226045718931
2014-06-13,0.011077354422504904
2014-06-16,0.007623088959848756
2014-06-17,-0.011131161291631275
2014-06-18,-0.004693292797562254
2014-06-19,-0.026156333727825776
2014-06-20,0.010517597765484998
2014-06-23,0.008539433263695217
2014-06-24,0.005430385798018911
2014-06-25,-0.007160029545475233
2014-06-26,0.014788556899174798
2014-06-27,0.0018007873927552431
2014-06-30,0.011470696194787688
2014-07-01,0.007513272425993867
2014-07-02,0.0028285527328222315
2014-07-03,0.0034061988649582986
2014-07-04,-0.003137893692202187
2014-07-07,-0.004751270778683869
2014-07-08,0.005048284877042342
2014-07-09,-0.020060969999013967
2014-07-10,-0.010983761423522309
2014-07-11,0.003187819061305941
2014-07-14,0.008501352984714883
2014-07-15,-0.0008746778347126227
2014-07-16,-0.008889005886131174
2014-07-17,-0.008151091284955392
2014-07-18,0.00041796275825434215
2014-07-21,0.0029771955344850554
2014-07-22,0.010100915209958483
2014-07-23,-0.007951310535264433
2014-07-24,-0.005751875069512136
2014-07-25,0.010182944992210397
2014-07-28,0.0217267988531058
2014-07-29,0.015739249106224484
2014-07-30,0.004741451293729826
2014-07-31,0.007191728637260031
2014-08-01,-0.012294375827026305
2014-08-04,0.012198526213364813
2014-08-05,0.008060204844850816
2014-08-06,0.006230413460867945
2014-08-07,-0.010237861623644928
2014-08-08,0.005048818866579818
2014-08-11,0.014361142219599499
2014-08-12,0.003258063287163715
2014-08-13,-0.000830119955186559
2014-08-14,-0.007906771305225768
2014-08-15,0.013586270974728754
2014-08-18,0.01594348351847419
2014-08-19,0.003578718901133149
2014-08-20,0.001122068447327651
2014-08-21,0.0023567340163590522
2014-08-22,0.006373524236005901
2014-08-25,-0.006407524247886265
2014-08-26,-0.014091368405175109
2014-08-27,0.008411488037743498
2014-08-28,-0.011274189197749251
2014-08-29,0.013180037473648376
2014-09-01,0.016786385461075914
2014-09-02,0.01120092636312875
2014-09-03,0.007789147010920372
2014-09-04,0.006790209100156153
2014-09-05,0.003891560271928496
2014-09-09,0.004785995581226166
2014-09-10,0.0006745079817691568
2014-09-11,-0.003714320393444215
2014-09-12,0.009509851248844736
2014-09-15,0.007685168684262278
2014-09-16,-0.038397882688464224
2014-09-17,0.00717240785168638
2014-09-18,0.0038186711374028626
2014-09-19,0.007767967941154863
2014-09-22,-0.015035870548027463
2014-09-23,0.011571799200441824
2014-09-24,0.011087056184294175
2014-09-25,0.001670084199394184
2014-09-26,0.003663396005074926
2014-09-29,0.009960387133822302
2014-09-30,0.007205052701795944
2014-10-08,0.0110658721096204
2014-10-09,0.0016757187714737665
2014-10-10,-0.006233618342030844
2014-10-13,-0.007243835861224457
2014-10-14,-0.004081911803991201
2014-10-15,0.006155224840794338
2014-10-16,-0.01534640567601564
2014-10-17,-0.008339268020107093
2014-10-20,0.013891983844060318
2014-10-21,-0.006822649981117701
2014-10-22,-0.008788300197025367
2014-10-23,-0.012116861486398123
2014-10-24,0.0014901518748131615
2014-10-27,0.005553649921565151
2014-10-28,0.018109483971970874
2014-10-29,0.006547054051331491
2014-10-30,-0.0012859360385817364
2014-10-31,-0.0019678425294982205
2014-11-03,0.003218848789679374
2014-11-04,-0.009288192233617765
2014-11-05,-0.0016398487964545128
2014-11-06,0.006265887308323226
2014-11-07,-0.009606831716997388
2014-11-10,0.006906827786558045
2014-11-11,-0.029598514589817992
2014-11-12,0.009599197919118563
2014-11-13,-0.019717314878688552
2014-11-14,0.0017961567213535812
2014-11-17,0.011031836170771747
2014-11-18,0.0011465804242014599
2014-11-19,0.005388990997627463
2014-11-20,-0.006690811319009948
2014-11-21,0.008068860119752497
2014-11-24,0.00928013689805507
2014-11-25,0.01797012582320545
2014-11-26,0.001340844742952152
2014-11-27,0.0031012768445877192
2014-11-28,-0.002087202409338129
2014-12-01,-0.005877008789382021
2014-12-02,0.010872179693069972
2014-12-03,0.014791402926720876
2014-12-04,0.020234659073558037
2014-12-05,-0.019847788379710574
2014-12-08,0.002844474117163598
2014-12-09,-0.03936421242085775
2014-12-10,0.03875935803936503
2014-12-11,0.004332882535826199
2014-12-12,0.009105463557539606
2014-12-15,0.017926159892873494
2014-12-16,-0.00542315759695966
2014-12-17,-0.009772349435463124
2014-12-18,-0.0055750701134501535
2014-12-19,-0.0160857476044185
2014-12-22,-0.03791856492077572
2014-12-23,-0.01232629755012582
2014-12-24,0.012491085686764603
2014-12-25,0.012021393371106193
2014-12-26,0.008476428173052497
2014-12-29,-0.012140080142101106
2014-12-30,-0.01939943401720645
2014-12-31,0.01294712975582546
2015-01-05,0.02354669521721542
2015-01-06,0.02074284086826972
2015-01-07,-0.0073689055146649585
2015-01-08,0.0018759864378099511
2015-01-09,-0.0012831511555938535
2015-01-12,0.002276324233977167
2015-01-13,0.02566175539808513
2015-01-14,-0.0071174426093536525
2015-01-15,0.0011265123895616291
2015-01-16,0.01728742785896098
2015-01-19,-0.025000819067275026
2015-01-20,0.03779321261981439
2015-01-21,0.02024027960760577
2015-01-22,0.010878130342210746
2015-01-23,-0.014809749168637198
2015-01-26,0.0247204814084947
2015-01-27,0.004843934495542435
2015-01-28,-0.011170470868837268
2015-01-29,-0.004559951466898693
2015-01-30,-0.014952445216126709
2015-02-02,-0.003934766753602381
2015-02-03,0.02787465933720723
2015-02-04,-0.004174001591418897
2015-02-05,-0.002087962390723508
2015-02-06,-0.020585859209784174
2015-02-09,-0.00504286392847797
2015-02-10,0.024473553706187534
2015-02-11,0.01355687915307846
2015-02-12,0.005557161104016828
2015-02-13,0.015884089774095056
2015-02-16,0.029489094208943856
2015-02-17,0.0032973440234531637
2015-02-25,-0.007916027653189328
2015-02-26,0.008081860334919533
2015-02-27,0.009422512946174244
2015-03-02,0.016290005625408055
2015-03-03,-0.01389374685674849
2015-03-04,0.018014548643811024
2015-03-05,0.005547453887630338
2015-03-06,-0.023721702753735197
2015-03-09,0.014458752598107694
2015-03-10,0.01989903383004976
2015-03-11,-0.004227351953902336
2015-03-12,-0.0016967454466740861
2015-03-13,0.014893753770873985
2015-03-16,0.03767547859635001
2015-03-17,0.003881855249603383
2015-03-18,0.019076507800091846
2015-03-19,0.00198467512818179
2015-03-20,0.006823496926557926
2015-03-23,0.033327653406844515
2015-03-24,0.012340274816675212
2015-03-25,0.017334012543060107
2015-03-26,-0.01919371705747308
2015-03-27,0.016602050726932438
2015-03-30,0.00858253541823939
2015-03-31,0.007645323832824014
2015-04-01,0.0283892013613527
2015-04-02,0.018345610745643892
2015-04-03,0.010967317865079984
2015-04-07,0.014173205122381738
2015-04-08,-0.0195584851986369
2015-04-09,-0.017547764696334345
2015-04-10,0.028856999866187394
2015-04-13,0.02299843870078222
2015-04-14,-0.005961367119079908
2015-04-15,-0.03727184569235176
2015-04-16,0.013180030524195141
2015-04-17,-0.0009454220814337777
2015-04-20,-0.02702623307536356
2015-04-21,0.038772010473769214
2015-04-22,0.0285279177227733
2015-04-23,0.012550800860626321
2015-04-24,0.00041773205032269445
2015-04-27,0.005123517527015009
2015-04-28,-0.03336672882436009
2015-04-29,0.01863544819817098
2015-04-30,-0.002384250421651135
2015-05-04,0.004049708015425368
2015-05-05,-0.02747187843572929
2015-05-06,0.005225176851286983
2015-05-07,-0.008508947115874688
2015-05-08,0.046316746221711114
2015-05-11,0.052183908766157305
2015-05-12,0.020530527931203135
2015-05-13,0.013334286387695293
2015-05-14,-0.0019001179000586177
2015-05-15,-0.007595160748130159
2015-05-18,0.030765651719721676
2015-05-19,0.02688333614654259
2015-05-20,0.018729376060803382
2015-05-21,0.045157082932040016
2015-05-22,0.006714159783572926
2015-05-25,0.01937415187075442
2015-05-26,0.03801140747037168
2015-05-27,0.0014058628753621516
2015-05-28,-0.06296095067252483
2015-05-29,0.011109191263371843
2015-06-01,0.04812494081583418
2015-06-02,0.034442453260782324
2015-06-03,-0.009059423185425408
2015-06-04,-0.009300961219782855
2015-06-05,0.003372688068095986
2015-06-08,-0.01599511324431624
2015-06-09,-0.0023339291304917964
2015-06-10,0.02106641093796524
2015-06-11,0.016048590340214552
2015-06-12,0.0051787588021596775
2015-06-15,-0.024498187807797556
2015-06-16,-0.04032539018803216
2015-06-17,0.013771786905089067
2015-06-18,-0.04283607197686223
2015-06-19,-0.05727239459128708
2015-06-23,0.018436390961635407
2015-06-24,0.011723561249043835
2015-06-25,-0.0401496937824084
2015-06-26,-0.08410772158064284
2015-06-29,-0.06610766626663878
2015-06-30,0.0623255558136826
2015-07-01,-0.03823026041657085
2015-07-02,-0.04941237231709783
2015-07-03,-0.044154086143201154
2015-07-06,-0.0049433166440775445
2015-07-07,-0.06190666828430147
2015-07-08,-0.0138214655225527
2015-07-09,0.03367670684569424
2015-07-10,0.042236556708346695
2015-07-13,0.0486563033222267
2015-07-14,0.019660001146494688
2015-07-15,-0.051254149837840046
2015-07-16,0.019693890951577364
2015-07-17,0.05618503006730147
2015-07-20,0.016926734359419715
2015-07-21,0.01232795091811445
2015-07-22,0.006592205090825143
2015-07-23,0.022225734977891598
2015-07-24,-0.01999332209694804
2015-07-27,-0.07764428644689081
2015-07-28,-0.014334925611709126
2015-07-29,0.04370681305740565
2015-07-30,-0.035381393649053905
2015-07-31,0.0035605662234499125
2015-08-03,-0.012313162478467254
2015-08-04,0.04564852074628023
2015-08-05,-0.01586640620480917
2015-08-06,-0.00990567023140021
2015-08-07,0.02581276571903368
2015-08-10,0.04065397585427544
2015-08-11,-0.0033965839189725733
2015-08-12,-0.01308382962135557
2015-08-13,0.023196673655399458
2015-08-14,0.0034451793287466614
2015-08-17,0.006631169504404788
2015-08-18,-0.06463773656204541
2015-08-19,0.01997568498145963
2015-08-20,-0.028614876258391986
2015-08-21,-0.050666433709916414
2015-08-24,-0.07711074016856234
2015-08-25,-0.0723652817547854
2015-08-26,-0.026304148683283013
2015-08-27,0.03847215596285625
2015-08-28,0.05198344798460375
2015-08-31,-0.021955432108532347
2015-09-01,-0.038243170156530115
2015-09-02,-0.0015433221218492665
2015-09-07,-0.009080667457233571
2015-09-08,0.03326691451566699
2015-09-09,0.02862348297051609
2015-09-10,-0.020361105327839413
2015-09-11,0.0038216300952413906
2015-09-14,-0.07208067419822806
2015-09-15,-0.05192174073931177
2015-09-16,0.06831095556507294
2015-09-17,-0.01620407031992388
2015-09-18,0.008515990903023463
2015-09-21,0.03781719722895183
2015-09-22,0.011008831156119614
2015-09-23,-0.01145183060874122
2015-09-24,0.011351023482323308
2015-09-25,-0.033323587276943734
2015-09-28,0.02113975685075875
2015-09-29,-0.015607463810852873
2015-09-30,0.005412409851870192
2015-10-08,0.03812703327460909
2015-10-09,0.013543531195644665
2015-10-12,0.04130711979898827
2015-10-13,0.007025407700754771
2015-10-14,-0.010747333653549407
2015-10-15,0.030861193682733656
2015-10-16,0.010765506803900315
2015-10-19,-0.0008745253854888224
2015-10-20,0.022315438310687385
2015-10-21,-0.05888768108535214
2015-10-22,0.03506556182463805
2015-10-23,0.01980588548129769
2015-10-26,0.008376465066555427
2015-10-27,0.00499325600523548
2015-10-28,-0.025808481006942663
2015-10-29,0.006194581880287986
2015-10-30,0.0030964293595288073
2015-11-02,-0.019102043119990975
2015-11-03,-0.002134431245081392
2015-11-04,0.05355656376626983
2015-11-05,-0.0008066569536130386
2015-11-06,0.028959519812848722
2015-11-09,0.0170790718427547
2015-11-10,0.00442565617296653
2015-11-11,0.013110816038336859
2015-11-12,-0.0023908846892903846
2015-11-13,-0.022086633175226855
2015-11-16,0.020085719102606037
2015-11-17,-0.007721837195367787
2015-11-18,-0.021405214618584578
2015-11-19,0.03052862690069791
2015-11-20,0.0072009025397252735
2015-11-23,-0.005582246828125692
2015-11-24,0.009516768672506615
2015-11-25,0.016297836474833183
2015-11-26,-0.011314463328918167
2015-11-27,-0.06454122716927235
2015-11-30,0.00822582838476471
2015-12-01,1.2250324599172302e-07
2015-12-02,0.0025240565719921726
2015-12-03,0.019915431419754492
2015-12-04,-0.013349930840392488
2015-12-07,0.009918753721824602
2015-12-08,-0.021366157137324482
2015-12-09,-0.0028786644766045644
2015-12-10,0.0023064996615842492
2015-12-11,-0.006367340014358569
2015-12-14,0.021899034788563476
2015-12-15,0.007717361721169214
2015-12-16,0.0025132664642741886
2015-12-17,0.02014836386297314
2015-12-18,-0.003947383105383673
2015-12-21,0.011183443837406326
2015-12-22,0.009207231047147157
2015-12-23,-0.011151861698562193
2015-12-24,-0.004534987318468131
2015-12-25,0.005679706847477428
2015-12-28,-0.02020169473261857
2015-12-29,0.00890240596710834
2015-12-30,0.008835308164617528
2015-12-31,-0.01736987722837724
2016-01-04,-0.0822790563300998
2016-01-05,-0.01283377572587141
2016-01-06,0.018856367058338375
2016-01-07,-0.08185661894250673
2016-01-08,0.012199874155059298
2016-01-11,-0.06318903379025875
2016-01-12,0.009702578973273424
2016-01-13,-0.030607565932001535
2016-01-14,0.03631837118727921
2016-01-15,-0.030689156282779684
2016-01-18,0.016520225152979018
2016-01-19,0.03410857565558256
2016-01-20,-0.013665248250551598
2016-01-21,-0.03541293740275553
2016-01-22,0.010269952034157148
2016-01-25,0.008892750356515933
2016-01-26,-0.0674554185943933
2016-01-27,-0.007683854657881906
2016-01-28,-0.0333642099878918
2016-01-29,0.037299999040901755
2016-02-01,-0.011306232257044413
2016-02-02,0.030570999077876637
2016-02-03,0.001084863077888354
2016-02-04,0.01347920239105127
2016-02-05,-0.013193064180678116
2016-02-15,0.0002598755441487466
2016-02-16,0.03796399870017875
2016-02-17,0.012543267242966172
2016-02-18,-0.005909722873597589
2016-02-19,0.004114415287232331
2016-02-22,0.019203934845356097
2016-02-23,-0.006626307800837172
2016-02-24,-0.002130885528776494
2016-02-25,-0.07362485342554903
2016-02-26,0.0031187262485525835
2016-02-29,-0.048528310494388105
2016-03-01,0.02341736403277994
2016-03-02,0.04247462186100481
2016-03-03,0.0008441298984966927
2016-03-04,-0.02242770407802408
2016-03-07,0.01463495113750568
2016-03-08,0.0008145915622164157
2016-03-09,-0.018107118343794526
2016-03-10,-0.013389394652443376
2016-03-11,-0.003002758251415827
2016-03-14,0.031775772768620314
2016-03-15,-0.009938017402854604
2016-03-16,-0.011681163971653086
2016-03-17,0.03403342307381485
2016-03-18,0.034553335370543836
2016-03-21,0.0255857787995879
2016-03-22,0.0014785509406889386
2016-03-23,0.011136104634374533
2016-03-24,-0.016069029417905
2016-03-25,0.00527919860295567
2016-03-28,-0.009130562225458272
2016-03-29,-0.016576264191598633
2016-03-30,0.03567478330158824
2016-03-31,-0.001581372240743173
2016-04-01,-0.009568667758905303
2016-04-05,0.02594161533399797
2016-04-06,0.005279626073795063
2016-04-07,-0.020085215710288318
2016-04-08,-0.005980809368814066
2016-04-11,0.016554127800484375
2016-04-12,-0.007220903953825797
2016-04-13,0.013338141857457853
2016-04-14,0.007907367201039683
2016-04-15,-0.004058522606300463
2016-04-18,-0.019073238010878346
2016-04-19,0.002336228818703212
2016-04-20,-0.03968366093009712
2016-04-21,-0.010108510346175437
2016-04-22,0.00883145394671181
2016-04-25,-0.0024155981301386964
2016-04-26,0.009265815215562023
2016-04-27,-0.004683212063052999
2016-04-28,-0.002081930626159356
2016-04-29,0.0007622750097666664
2016-05-03,0.02951868017706971
2016-05-04,-0.0010779274140736428
2016-05-05,0.003042703360743415
2016-05-06,-0.038369592656020246
2016-05-09,-0.026313844942506548
2016-05-10,0.0014483086349454943
2016-05-11,-0.0014534013920590727
2016-05-12,0.005618808244340245
2016-05-13,-0.004400502523353111
2016-05-16,0.01782343789193863
2016-05-17,-0.0011523942776138218
2016-05-18,-0.021263875623498962
2016-05-19,0.002004177673806229
2016-05-20,0.008479870007826573
2016-05-23,0.007980032199911724
2016-05-24,-0.009966849131628597
2016-05-25,-0.002592105246762455
2016-05-26,0.003542682563086874
2016-05-27,-0.0008701730449270917
2016-05-30,-0.005775212608687297
2016-05-31,0.04227669658431288
2016-06-01,0.0060749853385744235
2016-06-02,0.005989303151181291
2016-06-03,0.010138956992443937
2016-06-06,0.005514309714564236
2016-06-07,-0.0028578270864754174
2016-06-08,-0.001590114167118184
2016-06-13,-0.04608424799762678
2016-06-14,0.0035393118401603196
2016-06-15,0.029472112352907587
2016-06-16,-0.005821282962185981
2016-06-17,0.007257419635757545
2016-06-20,0.004822714749867396
2016-06-21,-0.008067254667653345
2016-06-22,0.015407414352533566
2016-06-23,-0.006092741171862315
2016-06-24,-0.014951248341289691
2016-06-27,0.023722187338885536
2016-06-28,0.011558296421327663
2016-06-29,-0.001245748827741644
2016-06-30,0.000852202476570918
2016-07-01,-0.0024733305961498475
2016-07-04,0.014862961957810228
2016-07-05,-0.0008888092721638374
2016-07-06,0.001924932509026256
2016-07-07,0.0012042788836168494
2016-07-08,-0.0008301988773870006
2016-07-11,-0.006800521888535749
2016-07-12,0.012444779882478496
2016-07-13,0.009848363663067516
2016-07-14,0.000991720675536989
2016-07-15,-0.0013759391562605527
2016-07-18,-0.006428862660883605
2016-07-19,0.0023058109842308827
2016-07-20,-0.00309740188587726
2016-07-21,0.0017194508833913158
2016-07-22,-0.007254435885102217
2016-07-25,0.0016720648079695533
2016-07-26,0.010342682254347757
2016-07-27,-0.042813606254628156
2016-07-28,-0.0015847143320237844
2016-07-29,-0.005422714688311681
2016-08-01,-0.013129446206102013
2016-08-02,0.005664116237358963
2016-08-03,0.003362306388412062
2016-08-04,0.007660966312202033
2016-08-05,-0.004339889672648645
2016-08-08,0.013919234737788111
2016-08-09,0.008873454641592948
2016-08-10,-0.0059589956255377
2016-08-11,-0.012915781093271184
2016-08-12,0.011136935330834152
2016-08-15,0.02427733951481037
2016-08-16,0.001888022862115868
2016-08-17,0.0033712918144195303
2016-08-18,-0.0024140723482283244
2016-08-19,0.0008057828209326878
2016-08-22,-0.01183602611010015
2016-08-23,0.00216442916261661
2016-08-24,0.0022952335683124048
2016-08-25,-0.006217047224706285
2016-08-26,0.0023593156944885507
2016-08-29,0.0028112623930849345
2016-08-30,0.000715784447611334
2016-08-31,-0.0007801536938663034
2016-09-01,-0.00695202122755445
2016-09-02,-0.005870893293216217
2016-09-05,0.0018630233305003685
2016-09-06,0.017491299158194806
2016-09-07,-0.0027578752541077556
2016-09-08,0.0002924389710785569
2016-09-09,-0.007494866999918193
2016-09-12,-0.02939815659206424
2016-09-13,0.006263812153670223
2016-09-14,-0.006951569306806515
2016-09-19,0.008425847193069158
2016-09-20,-0.0007989857892564123
2016-09-21,0.002788064052592354
2016-09-22,0.0047140844933659665
2016-09-23,-0.0010387868422285784
2016-09-26,-0.022712607662298545
2016-09-27,0.00641900202187462
2016-09-28,-0.0008414462502736031
2016-09-29,0.006740371377473631
2016-09-30,0.0050629543076226025
2016-10-10,0.018667104193044626
2016-10-11,0.005289266435906992
2016-10-12,0.00012077553729628043
2016-10-13,0.0006376293430403468
2016-10-14,-0.002973371844811057
2016-10-17,-0.01048768288053914
2016-10-18,0.014623232621461035
2016-10-19,-0.0041438597746706884
2016-10-20,0.006218927368504046
2016-10-21,-0.0034940756309269627
2016-10-24,0.008062753251717236
2016-10-25,0.002058132499934917
2016-10-26,-0.005114604553067892
2016-10-27,-0.0014414161562903427
2016-10-28,-0.008800598392966097
2016-10-31,-0.0016268578772514752
2016-11-01,0.007703185471866769
2016-11-02,-0.008492401199720279
2016-11-03,0.0045559920821856
2016-11-04,-0.004488435060799545
2016-11-07,-0.0017885017495178346
2016-11-08,0.006632974298575789
2016-11-09,-0.011038845123627739
2016-11-10,0.010573999167541759
2016-11-11,0.0024263157978345884
2016-11-14,0.0008806627175315107
2016-11-15,0.0033768353079244307
2016-11-16,0.0029868926952656416
2016-11-17,-0.003584393026876076
2016-11-18,-0.005398614919290723
2016-11-21,0.00010138587198782467
2016-11-22,0.0045387981931275245
2016-11-23,-0.0034139150030306764
2016-11-24,-0.006619964486508478
2016-11-25,0.004389504519114684
2016-11-28,0.0019146484548480114
2016-11-29,-0.0017983858838885869
2016-11-30,-0.0029421004438401344
2016-12-01,0.004208413183999671
2016-12-02,-0.010491145653529044
2016-12-05,-0.003772989632516488
2016-12-06,0.003338018206975546
2016-12-07,0.005079307018009294
2016-12-08,-0.0018855517489168028
2016-12-09,-0.006613134166803203
2016-12-12,-0.0446959629394279
2016-12-13,0.003647467857749609
2016-12-14,-0.008710524809600662
2016-12-15,0.0016553540386061716
2016-12-16,0.006046085641222776
2016-12-19,-0.004445312998849205
2016-12-20,-0.0026911633634948418
2016-12-21,0.007355592803263367
2016-12-22,-6.350513279929082e-05
2016-12-23,-0.007064187488471041
2016-12-26,0.0036249387995896942
2016-12-27,-0.0016606291096809
2016-12-28,-0.0027743925708425543
2016-12-29,-0.0033881147530125943
2016-12-30,0.00028710856575275834
2017-01-03,0.0059751099172520306
2017-01-04,0.013714699279809839
2017-01-05,-0.0019800764213229183
2017-01-06,-0.010184403652886309
2017-01-09,0.004074251083761693
2017-01-10,-0.0023686918718166527
2017-01-11,-0.007624547543835014
2017-01-12,-0.010173752646380319
2017-01-13,-0.014162604960489822
2017-01-16,-0.028091085850613373
2017-01-17,0.01111459474060661
2017-01-18,-0.001432801749205237
2017-01-19,-0.003204860691955469
2017-01-20,0.012789001860897153
2017-01-23,0.004925139347093488
2017-01-24,-0.0033771015224211
2017-01-25,0.004020042636250887
2017-01-26,0.006518426525379262
2017-02-03,-0.0009169932794880209
2017-02-06,0.007268210890655213
2017-02-07,-0.0030395307290866924
2017-02-08,0.008258352871870267
2017-02-09,0.00475009612215227
2017-02-10,-0.0004573928690247975
2017-02-13,0.008912081723401855
2017-02-14,0.00081517718872548
2017-02-15,-0.008599444955300184
2017-02-16,0.0077524282916507925
2017-02-17,-0.005169558652615036
2017-02-20,0.012496982228101805
2017-02-21,0.007716848469294657
2017-02-22,0.004874496114678273
2017-02-23,-0.00015824599356295543
2017-02-24,0.001116271005161984
2017-02-27,-0.005290621738593182
2017-02-28,0.003854267513267784
2017-03-01,0.0022603375263903214
2017-03-02,-0.002524749534283832
2017-03-03,0.008373378617215765
2017-03-06,0.01094863944414115
2017-03-07,0.0013658538087992778
2017-03-08,-0.006102390234590249
2017-03-09,-0.00656151655762971
2017-03-10,0.006266431982774545
2017-03-13,0.013406081596459174
2017-03-14,-0.0024243955557403662
2017-03-15,-0.0007141399999749387
2017-03-16,0.007826970037036363
2017-03-17,-0.011716323933171569
2017-03-20,0.0003364894144892716
2017-03-21,0.005732193414349052
2017-03-22,-0.002169557854290405
2017-03-23,0.003520236630351725
2017-03-24,0.0075268064828217796
